image_id,label
202295.jpg,tungro
202996.jpg,downy_mildew
201976.jpg,hispa
201124.jpg,normal
200822.jpg,bacterial_leaf_blight
203431.jpg,brown_spot
201469.jpg,blast
200571.jpg,dead_heart
203386.jpg,downy_mildew
200395.jpg,hispa
203131.jpg,bacterial_leaf_streak
200377.jpg,blast
201378.jpg,brown_spot
200368.jpg,normal
201666.jpg,bacterial_panicle_blight
200743.jpg,bacterial_leaf_blight
200609.jpg,normal
201572.jpg,bacterial_leaf_blight
202479.jpg,hispa
202492.jpg,normal
200817.jpg,brown_spot
201011.jpg,normal
202403.jpg,blast
200118.jpg,dead_heart
201612.jpg,bacterial_panicle_blight
201996.jpg,hispa
202539.jpg,tungro
203261.jpg,hispa
201409.jpg,dead_heart
200307.jpg,blast
203384.jpg,normal
202332.jpg,dead_heart
200430.jpg,hispa
201421.jpg,tungro
203300.jpg,dead_heart
202076.jpg,normal
200740.jpg,normal
203254.jpg,brown_spot
201266.jpg,normal
203270.jpg,brown_spot
202307.jpg,bacterial_leaf_streak
201602.jpg,downy_mildew
200782.jpg,blast
201551.jpg,hispa
202399.jpg,dead_heart
200986.jpg,brown_spot
201027.jpg,normal
203007.jpg,downy_mildew
200070.jpg,dead_heart
200975.jpg,tungro
200054.jpg,normal
203160.jpg,normal
202911.jpg,blast
200635.jpg,blast
201523.jpg,hispa
203385.jpg,brown_spot
201991.jpg,blast
202883.jpg,dead_heart
203407.jpg,bacterial_leaf_blight
202778.jpg,hispa
203403.jpg,tungro
201036.jpg,downy_mildew
200114.jpg,hispa
200733.jpg,blast
202808.jpg,bacterial_panicle_blight
201849.jpg,normal
200910.jpg,dead_heart
203126.jpg,normal
201078.jpg,downy_mildew
201826.jpg,bacterial_leaf_blight
201147.jpg,bacterial_panicle_blight
201786.jpg,blast
200979.jpg,normal
200495.jpg,tungro
200497.jpg,normal
202812.jpg,blast
201477.jpg,tungro
202938.jpg,tungro
200931.jpg,dead_heart
202455.jpg,normal
202260.jpg,bacterial_leaf_streak
200692.jpg,dead_heart
201254.jpg,hispa
203200.jpg,normal
203057.jpg,brown_spot
200744.jpg,blast
203101.jpg,normal
203334.jpg,normal
200708.jpg,hispa
202709.jpg,dead_heart
200584.jpg,blast
203134.jpg,hispa
201076.jpg,tungro
202444.jpg,hispa
201140.jpg,normal
203132.jpg,hispa
201880.jpg,normal
200852.jpg,normal
201594.jpg,brown_spot
202872.jpg,blast
202668.jpg,bacterial_leaf_streak
200672.jpg,bacterial_panicle_blight
202453.jpg,normal
203068.jpg,normal
201219.jpg,dead_heart
200228.jpg,blast
201815.jpg,tungro
202407.jpg,normal
200181.jpg,bacterial_leaf_streak
201407.jpg,brown_spot
200838.jpg,tungro
200231.jpg,brown_spot
202593.jpg,dead_heart
200887.jpg,dead_heart
202512.jpg,blast
201423.jpg,blast
202087.jpg,hispa
202713.jpg,blast
200955.jpg,hispa
201781.jpg,dead_heart
202933.jpg,normal
200056.jpg,dead_heart
202757.jpg,downy_mildew
200558.jpg,tungro
202416.jpg,normal
202697.jpg,downy_mildew
200474.jpg,hispa
201237.jpg,bacterial_leaf_streak
203173.jpg,blast
201760.jpg,bacterial_leaf_streak
202800.jpg,hispa
202810.jpg,hispa
203306.jpg,dead_heart
202041.jpg,bacterial_leaf_blight
200182.jpg,downy_mildew
200225.jpg,hispa
200154.jpg,bacterial_leaf_streak
203435.jpg,normal
203283.jpg,normal
202357.jpg,normal
200820.jpg,brown_spot
202978.jpg,dead_heart
200824.jpg,bacterial_leaf_blight
202740.jpg,tungro
202553.jpg,downy_mildew
200819.jpg,brown_spot
200417.jpg,brown_spot
202420.jpg,tungro
201758.jpg,tungro
200791.jpg,normal
201568.jpg,hispa
201693.jpg,bacterial_panicle_blight
201239.jpg,dead_heart
200787.jpg,tungro
200511.jpg,downy_mildew
203142.jpg,downy_mildew
200960.jpg,dead_heart
200168.jpg,tungro
202227.jpg,blast
201513.jpg,brown_spot
201757.jpg,dead_heart
203412.jpg,hispa
200540.jpg,downy_mildew
201289.jpg,bacterial_panicle_blight
200823.jpg,bacterial_panicle_blight
202896.jpg,dead_heart
201564.jpg,brown_spot
200653.jpg,hispa
202154.jpg,dead_heart
200517.jpg,normal
200302.jpg,dead_heart
200397.jpg,blast
202097.jpg,dead_heart
200583.jpg,brown_spot
201251.jpg,blast
200207.jpg,bacterial_leaf_streak
200569.jpg,tungro
202611.jpg,hispa
201117.jpg,downy_mildew
201406.jpg,hispa
200133.jpg,hispa
201179.jpg,tungro
202391.jpg,dead_heart
201803.jpg,tungro
200768.jpg,dead_heart
200387.jpg,blast
203044.jpg,blast
201876.jpg,blast
200701.jpg,blast
203269.jpg,normal
200057.jpg,hispa
203145.jpg,normal
201066.jpg,dead_heart
200617.jpg,hispa
201654.jpg,blast
201197.jpg,bacterial_leaf_streak
202121.jpg,hispa
200902.jpg,hispa
202936.jpg,brown_spot
201473.jpg,blast
200255.jpg,blast
200177.jpg,bacterial_leaf_blight
202210.jpg,normal
202957.jpg,normal
200382.jpg,normal
202714.jpg,downy_mildew
202961.jpg,hispa
202345.jpg,tungro
200254.jpg,dead_heart
201732.jpg,tungro
200647.jpg,hispa
203179.jpg,dead_heart
202488.jpg,normal
201399.jpg,bacterial_panicle_blight
202928.jpg,normal
201109.jpg,brown_spot
202886.jpg,dead_heart
200863.jpg,dead_heart
200291.jpg,brown_spot
203425.jpg,normal
200328.jpg,hispa
203084.jpg,tungro
201390.jpg,normal
202465.jpg,blast
201034.jpg,bacterial_leaf_streak
202125.jpg,tungro
200145.jpg,blast
202198.jpg,blast
202833.jpg,brown_spot
203443.jpg,tungro
203137.jpg,bacterial_panicle_blight
203153.jpg,bacterial_panicle_blight
201012.jpg,normal
202053.jpg,hispa
201817.jpg,tungro
201894.jpg,bacterial_panicle_blight
200767.jpg,blast
201680.jpg,brown_spot
202331.jpg,tungro
200349.jpg,tungro
200630.jpg,bacterial_leaf_blight
201246.jpg,bacterial_leaf_blight
202217.jpg,normal
201317.jpg,bacterial_leaf_streak
201026.jpg,downy_mildew
202558.jpg,hispa
202511.jpg,downy_mildew
200765.jpg,hispa
202163.jpg,blast
202712.jpg,hispa
201374.jpg,blast
200900.jpg,normal
200240.jpg,brown_spot
200440.jpg,brown_spot
203095.jpg,hispa
200327.jpg,bacterial_leaf_streak
203367.jpg,hispa
202325.jpg,blast
202503.jpg,brown_spot
201077.jpg,tungro
202343.jpg,blast
202243.jpg,normal
200435.jpg,hispa
200722.jpg,brown_spot
202043.jpg,tungro
200393.jpg,bacterial_panicle_blight
201144.jpg,tungro
201902.jpg,hispa
201484.jpg,dead_heart
201402.jpg,brown_spot
200055.jpg,hispa
200079.jpg,tungro
201633.jpg,hispa
202917.jpg,hispa
202989.jpg,hispa
203055.jpg,hispa
200119.jpg,brown_spot
200828.jpg,normal
202642.jpg,downy_mildew
201097.jpg,blast
202388.jpg,normal
200537.jpg,normal
200292.jpg,hispa
203380.jpg,dead_heart
202035.jpg,tungro
202706.jpg,bacterial_leaf_streak
203195.jpg,dead_heart
202400.jpg,downy_mildew
201006.jpg,normal
203060.jpg,normal
201903.jpg,tungro
200075.jpg,dead_heart
200320.jpg,hispa
201910.jpg,tungro
200901.jpg,normal
200346.jpg,brown_spot
200654.jpg,blast
201307.jpg,blast
201656.jpg,dead_heart
202789.jpg,brown_spot
202835.jpg,brown_spot
202192.jpg,normal
203181.jpg,blast
200667.jpg,blast
200507.jpg,blast
200134.jpg,normal
201033.jpg,normal
200443.jpg,bacterial_panicle_blight
201052.jpg,brown_spot
201827.jpg,hispa
201265.jpg,blast
200860.jpg,normal
200410.jpg,downy_mildew
200926.jpg,blast
201764.jpg,hispa
202238.jpg,blast
200530.jpg,normal
203016.jpg,brown_spot
200459.jpg,normal
202855.jpg,bacterial_leaf_blight
200348.jpg,hispa
201021.jpg,hispa
202701.jpg,hispa
201068.jpg,tungro
200745.jpg,downy_mildew
200250.jpg,blast
200236.jpg,dead_heart
200180.jpg,hispa
201864.jpg,tungro
202124.jpg,normal
202786.jpg,brown_spot
203121.jpg,hispa
203467.jpg,normal
202007.jpg,bacterial_panicle_blight
200073.jpg,downy_mildew
202570.jpg,blast
202847.jpg,downy_mildew
202144.jpg,hispa
200406.jpg,blast
203023.jpg,hispa
201165.jpg,blast
200140.jpg,tungro
203211.jpg,brown_spot
201559.jpg,blast
202106.jpg,tungro
203166.jpg,hispa
203299.jpg,tungro
202426.jpg,blast
201082.jpg,hispa
200671.jpg,bacterial_leaf_streak
203091.jpg,dead_heart
200355.jpg,downy_mildew
202019.jpg,normal
201064.jpg,normal
202590.jpg,blast
202729.jpg,hispa
202744.jpg,blast
202367.jpg,dead_heart
202236.jpg,hispa
203085.jpg,hispa
200449.jpg,blast
200713.jpg,hispa
201308.jpg,dead_heart
201282.jpg,dead_heart
200872.jpg,bacterial_leaf_blight
200827.jpg,normal
202818.jpg,dead_heart
203287.jpg,normal
202078.jpg,tungro
201210.jpg,normal
202727.jpg,bacterial_panicle_blight
202816.jpg,normal
201940.jpg,brown_spot
200956.jpg,brown_spot
202428.jpg,blast
202715.jpg,normal
200189.jpg,dead_heart
200799.jpg,dead_heart
201453.jpg,normal
201448.jpg,tungro
201046.jpg,dead_heart
203027.jpg,blast
201552.jpg,blast
202893.jpg,brown_spot
201904.jpg,normal
200562.jpg,blast
200265.jpg,normal
200565.jpg,tungro
203349.jpg,blast
203111.jpg,normal
201229.jpg,tungro
201122.jpg,normal
203444.jpg,hispa
200811.jpg,bacterial_panicle_blight
201183.jpg,blast
202447.jpg,hispa
201461.jpg,dead_heart
201586.jpg,bacterial_leaf_streak
202229.jpg,blast
201685.jpg,normal
202230.jpg,bacterial_panicle_blight
202571.jpg,dead_heart
200575.jpg,normal
200386.jpg,normal
203355.jpg,normal
201365.jpg,blast
202475.jpg,blast
200211.jpg,bacterial_leaf_blight
201526.jpg,bacterial_panicle_blight
202194.jpg,tungro
201396.jpg,hispa
200942.jpg,hispa
203274.jpg,normal
200083.jpg,bacterial_panicle_blight
200663.jpg,downy_mildew
203064.jpg,hispa
201607.jpg,blast
201613.jpg,blast
202201.jpg,hispa
201102.jpg,dead_heart
202602.jpg,blast
202829.jpg,hispa
202676.jpg,normal
203460.jpg,normal
202568.jpg,dead_heart
201653.jpg,brown_spot
200247.jpg,blast
200520.jpg,downy_mildew
203307.jpg,blast
201842.jpg,normal
202146.jpg,brown_spot
201993.jpg,normal
201500.jpg,downy_mildew
202612.jpg,tungro
202520.jpg,normal
203000.jpg,blast
200105.jpg,normal
203291.jpg,blast
201371.jpg,dead_heart
202753.jpg,dead_heart
201806.jpg,tungro
201061.jpg,bacterial_leaf_streak
202408.jpg,dead_heart
201121.jpg,bacterial_leaf_blight
200161.jpg,tungro
200763.jpg,downy_mildew
200946.jpg,downy_mildew
200322.jpg,downy_mildew
200999.jpg,hispa
201761.jpg,blast
202538.jpg,normal
200834.jpg,hispa
202228.jpg,dead_heart
203266.jpg,brown_spot
201845.jpg,hispa
202813.jpg,normal
200305.jpg,dead_heart
201852.jpg,normal
200873.jpg,tungro
202108.jpg,downy_mildew
203458.jpg,blast
203012.jpg,blast
202903.jpg,normal
201521.jpg,brown_spot
200638.jpg,blast
203409.jpg,dead_heart
202501.jpg,tungro
200261.jpg,bacterial_leaf_blight
202665.jpg,blast
201949.jpg,normal
200485.jpg,bacterial_leaf_blight
203324.jpg,bacterial_leaf_streak
200512.jpg,hispa
202842.jpg,downy_mildew
200881.jpg,tungro
202692.jpg,normal
201843.jpg,hispa
200088.jpg,normal
201873.jpg,normal
202690.jpg,hispa
200183.jpg,normal
202728.jpg,brown_spot
200741.jpg,dead_heart
203172.jpg,dead_heart
201217.jpg,dead_heart
203171.jpg,bacterial_panicle_blight
200113.jpg,normal
201642.jpg,normal
202625.jpg,blast
203082.jpg,normal
202469.jpg,downy_mildew
200031.jpg,hispa
202517.jpg,dead_heart
202878.jpg,normal
203376.jpg,bacterial_leaf_streak
202777.jpg,brown_spot
202533.jpg,normal
202788.jpg,dead_heart
201250.jpg,bacterial_leaf_blight
200206.jpg,normal
202306.jpg,bacterial_panicle_blight
203032.jpg,bacterial_leaf_blight
201164.jpg,blast
200500.jpg,normal
200666.jpg,hispa
202390.jpg,hispa
202049.jpg,hispa
202562.jpg,bacterial_panicle_blight
201154.jpg,dead_heart
201913.jpg,tungro
200921.jpg,normal
202432.jpg,bacterial_leaf_blight
202285.jpg,tungro
203359.jpg,bacterial_leaf_blight
202601.jpg,brown_spot
202773.jpg,normal
201658.jpg,normal
201585.jpg,dead_heart
200391.jpg,brown_spot
203347.jpg,normal
203293.jpg,brown_spot
201610.jpg,hispa
201105.jpg,bacterial_panicle_blight
200506.jpg,bacterial_panicle_blight
201926.jpg,blast
201018.jpg,brown_spot
200483.jpg,dead_heart
203456.jpg,tungro
202173.jpg,normal
200551.jpg,hispa
200590.jpg,bacterial_leaf_blight
201426.jpg,bacterial_leaf_streak
202084.jpg,dead_heart
200068.jpg,bacterial_leaf_streak
200108.jpg,tungro
203005.jpg,dead_heart
202352.jpg,hispa
200951.jpg,hispa
201103.jpg,blast
202296.jpg,hispa
202405.jpg,dead_heart
201790.jpg,bacterial_leaf_blight
201992.jpg,normal
201511.jpg,tungro
201794.jpg,tungro
202478.jpg,normal
201274.jpg,blast
202857.jpg,hispa
203325.jpg,normal
202349.jpg,brown_spot
201553.jpg,blast
203271.jpg,hispa
201710.jpg,dead_heart
202717.jpg,tungro
202308.jpg,hispa
202179.jpg,hispa
201318.jpg,downy_mildew
203188.jpg,brown_spot
203278.jpg,tungro
202169.jpg,tungro
202817.jpg,bacterial_leaf_blight
200370.jpg,blast
201149.jpg,tungro
200038.jpg,tungro
200465.jpg,brown_spot
200023.jpg,bacterial_leaf_blight
200522.jpg,dead_heart
201706.jpg,brown_spot
202992.jpg,dead_heart
202116.jpg,hispa
201001.jpg,downy_mildew
200102.jpg,hispa
201871.jpg,bacterial_leaf_blight
202370.jpg,normal
201201.jpg,bacterial_panicle_blight
201139.jpg,brown_spot
201354.jpg,normal
202477.jpg,downy_mildew
201401.jpg,bacterial_panicle_blight
200138.jpg,brown_spot
201382.jpg,tungro
202354.jpg,tungro
200148.jpg,blast
202639.jpg,brown_spot
201332.jpg,hispa
200209.jpg,hispa
201335.jpg,blast
200398.jpg,blast
200071.jpg,normal
201454.jpg,blast
202968.jpg,hispa
201536.jpg,blast
202482.jpg,bacterial_leaf_blight
201240.jpg,bacterial_leaf_streak
201539.jpg,bacterial_leaf_streak
200539.jpg,blast
201262.jpg,brown_spot
203122.jpg,bacterial_panicle_blight
200775.jpg,hispa
202776.jpg,blast
200357.jpg,bacterial_leaf_streak
202695.jpg,hispa
200862.jpg,normal
200116.jpg,hispa
201580.jpg,tungro
201341.jpg,brown_spot
203156.jpg,blast
201309.jpg,downy_mildew
201200.jpg,hispa
200425.jpg,normal
201746.jpg,hispa
201571.jpg,bacterial_leaf_blight
200178.jpg,tungro
202412.jpg,blast
201841.jpg,hispa
202379.jpg,bacterial_leaf_streak
203282.jpg,hispa
202566.jpg,bacterial_leaf_blight
201647.jpg,tungro
200296.jpg,normal
200424.jpg,tungro
200670.jpg,hispa
202104.jpg,normal
200906.jpg,normal
201959.jpg,tungro
202791.jpg,tungro
203088.jpg,blast
201260.jpg,downy_mildew
200321.jpg,hispa
201745.jpg,normal
203129.jpg,brown_spot
201094.jpg,blast
200473.jpg,normal
201789.jpg,blast
200258.jpg,hispa
201701.jpg,tungro
201834.jpg,brown_spot
203313.jpg,normal
203336.jpg,normal
200294.jpg,hispa
202337.jpg,normal
202969.jpg,blast
203182.jpg,hispa
202972.jpg,bacterial_leaf_streak
201156.jpg,downy_mildew
202781.jpg,brown_spot
201299.jpg,tungro
200135.jpg,downy_mildew
200620.jpg,bacterial_leaf_streak
201896.jpg,bacterial_leaf_blight
203216.jpg,bacterial_panicle_blight
202569.jpg,downy_mildew
201304.jpg,bacterial_panicle_blight
202597.jpg,hispa
202203.jpg,dead_heart
201386.jpg,blast
202302.jpg,normal
201468.jpg,brown_spot
200532.jpg,normal
201645.jpg,hispa
200732.jpg,normal
203194.jpg,normal
200818.jpg,blast
203250.jpg,tungro
201123.jpg,tungro
201916.jpg,brown_spot
202772.jpg,blast
200731.jpg,tungro
202771.jpg,brown_spot
200186.jpg,blast
201048.jpg,hispa
203021.jpg,normal
203398.jpg,hispa
200922.jpg,blast
203346.jpg,hispa
202088.jpg,hispa
202758.jpg,tungro
200927.jpg,tungro
201083.jpg,blast
202845.jpg,tungro
202316.jpg,normal
202218.jpg,normal
203448.jpg,brown_spot
201830.jpg,bacterial_panicle_blight
202025.jpg,dead_heart
200259.jpg,dead_heart
203461.jpg,normal
201979.jpg,tungro
202318.jpg,normal
202858.jpg,tungro
201621.jpg,dead_heart
200351.jpg,blast
200859.jpg,blast
200087.jpg,dead_heart
201236.jpg,hispa
200914.jpg,tungro
203365.jpg,normal
202313.jpg,tungro
200442.jpg,dead_heart
201480.jpg,blast
202435.jpg,blast
202266.jpg,hispa
202805.jpg,bacterial_leaf_blight
203422.jpg,normal
202526.jpg,blast
202396.jpg,hispa
201002.jpg,tungro
200954.jpg,hispa
202365.jpg,blast
200664.jpg,brown_spot
203140.jpg,dead_heart
200648.jpg,downy_mildew
200229.jpg,blast
200095.jpg,hispa
202248.jpg,tungro
202392.jpg,bacterial_leaf_streak
202849.jpg,normal
202940.jpg,dead_heart
201334.jpg,downy_mildew
201995.jpg,brown_spot
200109.jpg,tungro
203245.jpg,blast
200864.jpg,bacterial_leaf_blight
202902.jpg,blast
202048.jpg,dead_heart
201141.jpg,brown_spot
200299.jpg,normal
200761.jpg,hispa
202452.jpg,blast
200300.jpg,blast
201672.jpg,normal
202386.jpg,dead_heart
200166.jpg,dead_heart
202486.jpg,normal
203232.jpg,brown_spot
202853.jpg,dead_heart
201300.jpg,dead_heart
200658.jpg,dead_heart
200742.jpg,dead_heart
202863.jpg,tungro
202754.jpg,bacterial_leaf_blight
202375.jpg,normal
202774.jpg,brown_spot
200378.jpg,dead_heart
201393.jpg,blast
200290.jpg,normal
201119.jpg,blast
201190.jpg,downy_mildew
202220.jpg,blast
203069.jpg,tungro
201619.jpg,normal
200487.jpg,hispa
203424.jpg,blast
200806.jpg,tungro
201948.jpg,bacterial_leaf_streak
201509.jpg,bacterial_leaf_blight
202193.jpg,normal
203228.jpg,normal
200170.jpg,brown_spot
202191.jpg,downy_mildew
202530.jpg,bacterial_leaf_blight
200840.jpg,tungro
201321.jpg,hispa
200892.jpg,normal
201766.jpg,blast
200360.jpg,blast
200441.jpg,hispa
201283.jpg,dead_heart
201769.jpg,dead_heart
201765.jpg,blast
202429.jpg,bacterial_leaf_blight
200504.jpg,brown_spot
202840.jpg,dead_heart
203388.jpg,tungro
203113.jpg,blast
200097.jpg,blast
201408.jpg,brown_spot
203290.jpg,hispa
200581.jpg,blast
201095.jpg,blast
203036.jpg,hispa
202075.jpg,bacterial_panicle_blight
202703.jpg,dead_heart
201634.jpg,dead_heart
201892.jpg,downy_mildew
200981.jpg,bacterial_panicle_blight
203357.jpg,downy_mildew
202659.jpg,normal
201020.jpg,downy_mildew
202063.jpg,blast
201646.jpg,normal
201491.jpg,tungro
202470.jpg,hispa
202598.jpg,dead_heart
203104.jpg,dead_heart
200222.jpg,hispa
203225.jpg,brown_spot
201502.jpg,tungro
200690.jpg,brown_spot
203366.jpg,dead_heart
200970.jpg,bacterial_leaf_blight
201413.jpg,dead_heart
201886.jpg,bacterial_leaf_streak
202360.jpg,blast
200714.jpg,downy_mildew
200162.jpg,hispa
201343.jpg,hispa
202074.jpg,normal
203105.jpg,normal
200961.jpg,blast
202225.jpg,blast
201092.jpg,blast
203459.jpg,hispa
200917.jpg,bacterial_leaf_blight
202750.jpg,blast
201319.jpg,dead_heart
200612.jpg,brown_spot
202895.jpg,downy_mildew
200197.jpg,normal
202216.jpg,blast
201336.jpg,downy_mildew
201450.jpg,normal
200157.jpg,brown_spot
202841.jpg,hispa
201755.jpg,bacterial_leaf_blight
200691.jpg,dead_heart
202924.jpg,brown_spot
202250.jpg,bacterial_leaf_blight
203249.jpg,normal
202039.jpg,blast
200757.jpg,normal
200220.jpg,downy_mildew
201875.jpg,brown_spot
201380.jpg,normal
200703.jpg,normal
202336.jpg,normal
202036.jpg,tungro
200491.jpg,tungro
202616.jpg,downy_mildew
202803.jpg,dead_heart
201243.jpg,normal
203198.jpg,normal
200175.jpg,dead_heart
201699.jpg,tungro
201504.jpg,tungro
202999.jpg,blast
201835.jpg,blast
203463.jpg,normal
202346.jpg,hispa
202472.jpg,normal
202983.jpg,blast
203260.jpg,hispa
202592.jpg,normal
200747.jpg,tungro
200146.jpg,normal
201962.jpg,tungro
202980.jpg,hispa
201231.jpg,dead_heart
202431.jpg,bacterial_leaf_blight
202383.jpg,hispa
201868.jpg,bacterial_leaf_blight
203289.jpg,blast
203239.jpg,bacterial_leaf_blight
200928.jpg,hispa
202180.jpg,normal
202941.jpg,brown_spot
200451.jpg,dead_heart
203001.jpg,dead_heart
200345.jpg,blast
200913.jpg,dead_heart
202655.jpg,downy_mildew
202338.jpg,brown_spot
203006.jpg,bacterial_panicle_blight
200014.jpg,dead_heart
201233.jpg,dead_heart
200624.jpg,hispa
200694.jpg,brown_spot
200091.jpg,brown_spot
201847.jpg,dead_heart
200238.jpg,blast
200719.jpg,normal
201793.jpg,dead_heart
203320.jpg,hispa
202110.jpg,blast
200967.jpg,bacterial_leaf_streak
200086.jpg,bacterial_leaf_blight
202591.jpg,normal
201791.jpg,hispa
200780.jpg,blast
202310.jpg,blast
201719.jpg,dead_heart
202819.jpg,normal
200126.jpg,hispa
202138.jpg,downy_mildew
202309.jpg,bacterial_leaf_streak
201467.jpg,downy_mildew
202909.jpg,blast
201410.jpg,tungro
200841.jpg,downy_mildew
200235.jpg,tungro
201510.jpg,downy_mildew
201681.jpg,normal
201727.jpg,hispa
200369.jpg,blast
202297.jpg,brown_spot
203383.jpg,dead_heart
203119.jpg,dead_heart
201691.jpg,normal
201705.jpg,bacterial_leaf_streak
202661.jpg,blast
201226.jpg,hispa
201736.jpg,bacterial_leaf_streak
201985.jpg,normal
202868.jpg,bacterial_leaf_blight
200141.jpg,dead_heart
201372.jpg,downy_mildew
201113.jpg,hispa
200792.jpg,dead_heart
200392.jpg,normal
200788.jpg,dead_heart
203159.jpg,bacterial_panicle_blight
200807.jpg,blast
201762.jpg,bacterial_leaf_blight
201857.jpg,hispa
201697.jpg,blast
200505.jpg,hispa
202172.jpg,normal
201749.jpg,brown_spot
203049.jpg,hispa
202965.jpg,normal
201478.jpg,dead_heart
203333.jpg,dead_heart
201328.jpg,tungro
203394.jpg,bacterial_leaf_blight
201171.jpg,tungro
203315.jpg,blast
202867.jpg,tungro
203375.jpg,tungro
200012.jpg,hispa
203184.jpg,brown_spot
202620.jpg,hispa
203273.jpg,hispa
201258.jpg,hispa
203330.jpg,normal
201966.jpg,normal
202130.jpg,brown_spot
203115.jpg,hispa
201514.jpg,blast
201975.jpg,blast
200257.jpg,blast
201854.jpg,downy_mildew
202543.jpg,blast
201310.jpg,tungro
202906.jpg,dead_heart
202485.jpg,downy_mildew
200988.jpg,brown_spot
201175.jpg,downy_mildew
200546.jpg,normal
201394.jpg,dead_heart
201615.jpg,hispa
201492.jpg,bacterial_panicle_blight
202056.jpg,dead_heart
203080.jpg,normal
200007.jpg,dead_heart
201770.jpg,downy_mildew
202795.jpg,blast
201112.jpg,brown_spot
201292.jpg,hispa
200476.jpg,dead_heart
200199.jpg,tungro
200610.jpg,blast
202514.jpg,normal
200879.jpg,blast
201203.jpg,normal
203390.jpg,normal
200275.jpg,normal
202860.jpg,normal
202261.jpg,tungro
200945.jpg,dead_heart
201288.jpg,normal
201709.jpg,downy_mildew
202546.jpg,hispa
201311.jpg,blast
200784.jpg,blast
200217.jpg,dead_heart
201918.jpg,hispa
203411.jpg,blast
201303.jpg,hispa
202183.jpg,hispa
202128.jpg,tungro
202219.jpg,normal
202311.jpg,blast
202267.jpg,brown_spot
202889.jpg,bacterial_leaf_streak
200903.jpg,normal
203223.jpg,downy_mildew
202930.jpg,dead_heart
202544.jpg,hispa
201643.jpg,hispa
203078.jpg,blast
201980.jpg,blast
202704.jpg,bacterial_leaf_streak
203116.jpg,brown_spot
202572.jpg,brown_spot
201145.jpg,blast
200492.jpg,tungro
201186.jpg,downy_mildew
202115.jpg,normal
201929.jpg,hispa
203191.jpg,dead_heart
200160.jpg,bacterial_leaf_blight
201735.jpg,bacterial_leaf_streak
201209.jpg,blast
201049.jpg,tungro
201635.jpg,tungro
202342.jpg,dead_heart
200893.jpg,blast
201356.jpg,bacterial_panicle_blight
200753.jpg,downy_mildew
200746.jpg,normal
201120.jpg,blast
203298.jpg,bacterial_leaf_blight
202683.jpg,blast
203379.jpg,dead_heart
201223.jpg,dead_heart
201104.jpg,downy_mildew
201862.jpg,dead_heart
201488.jpg,blast
201150.jpg,hispa
201088.jpg,blast
202648.jpg,blast
203442.jpg,bacterial_panicle_blight
203263.jpg,blast
200871.jpg,tungro
203089.jpg,hispa
200627.jpg,bacterial_leaf_blight
200865.jpg,tungro
202165.jpg,tungro
203093.jpg,blast
202161.jpg,dead_heart
201977.jpg,hispa
200971.jpg,dead_heart
202735.jpg,blast
201800.jpg,downy_mildew
201726.jpg,tungro
202698.jpg,normal
203428.jpg,downy_mildew
202498.jpg,bacterial_leaf_blight
201906.jpg,dead_heart
201943.jpg,brown_spot
200312.jpg,normal
201816.jpg,bacterial_leaf_streak
201624.jpg,normal
203455.jpg,hispa
202167.jpg,normal
203447.jpg,normal
200008.jpg,brown_spot
200937.jpg,normal
200003.jpg,blast
202199.jpg,blast
200245.jpg,hispa
201630.jpg,brown_spot
200547.jpg,bacterial_leaf_streak
200529.jpg,brown_spot
202322.jpg,brown_spot
200293.jpg,normal
202312.jpg,brown_spot
200271.jpg,tungro
201427.jpg,blast
201730.jpg,blast
200268.jpg,hispa
202358.jpg,downy_mildew
202118.jpg,bacterial_panicle_blight
200048.jpg,brown_spot
202008.jpg,normal
201998.jpg,tungro
201035.jpg,tungro
201436.jpg,hispa
201362.jpg,bacterial_leaf_streak
202209.jpg,blast
202123.jpg,normal
203414.jpg,blast
202362.jpg,bacterial_leaf_streak
200592.jpg,normal
202425.jpg,blast
201287.jpg,brown_spot
200198.jpg,blast
202827.jpg,blast
201273.jpg,blast
201433.jpg,dead_heart
202305.jpg,blast
201629.jpg,dead_heart
203408.jpg,hispa
200650.jpg,dead_heart
201840.jpg,bacterial_leaf_blight
201848.jpg,brown_spot
200457.jpg,hispa
200107.jpg,blast
201598.jpg,hispa
202614.jpg,blast
202442.jpg,blast
201838.jpg,normal
202151.jpg,bacterial_leaf_blight
201485.jpg,dead_heart
200825.jpg,tungro
202460.jpg,blast
201397.jpg,normal
202507.jpg,brown_spot
203317.jpg,bacterial_panicle_blight
201581.jpg,tungro
202434.jpg,downy_mildew
202837.jpg,hispa
203468.jpg,bacterial_leaf_streak
202536.jpg,brown_spot
201963.jpg,blast
201358.jpg,brown_spot
201024.jpg,blast
200335.jpg,bacterial_panicle_blight
201543.jpg,normal
202259.jpg,dead_heart
200774.jpg,normal
201441.jpg,dead_heart
200344.jpg,blast
203103.jpg,brown_spot
201887.jpg,blast
201712.jpg,bacterial_panicle_blight
201870.jpg,tungro
200308.jpg,normal
202030.jpg,downy_mildew
201392.jpg,hispa
201905.jpg,brown_spot
203235.jpg,hispa
201957.jpg,blast
200098.jpg,tungro
202060.jpg,dead_heart
200356.jpg,blast
202599.jpg,downy_mildew
201157.jpg,blast
202966.jpg,tungro
202919.jpg,blast
202471.jpg,brown_spot
201779.jpg,brown_spot
200411.jpg,hispa
201383.jpg,dead_heart
200533.jpg,brown_spot
201944.jpg,bacterial_leaf_streak
200895.jpg,dead_heart
201135.jpg,blast
201768.jpg,dead_heart
200437.jpg,dead_heart
201784.jpg,normal
200232.jpg,normal
203433.jpg,dead_heart
201357.jpg,bacterial_panicle_blight
202145.jpg,brown_spot
202164.jpg,downy_mildew
202184.jpg,downy_mildew
201971.jpg,blast
203106.jpg,downy_mildew
202820.jpg,brown_spot
201166.jpg,dead_heart
203209.jpg,downy_mildew
201168.jpg,tungro
203275.jpg,brown_spot
201707.jpg,dead_heart
200521.jpg,blast
201416.jpg,dead_heart
201759.jpg,bacterial_leaf_blight
200421.jpg,brown_spot
203445.jpg,dead_heart
201348.jpg,hispa
200896.jpg,normal
201981.jpg,tungro
201748.jpg,tungro
201756.jpg,hispa
201080.jpg,blast
202760.jpg,hispa
203096.jpg,blast
202532.jpg,tungro
202628.jpg,hispa
202644.jpg,bacterial_panicle_blight
202691.jpg,bacterial_leaf_streak
202112.jpg,dead_heart
200256.jpg,blast
200804.jpg,brown_spot
202066.jpg,tungro
202111.jpg,normal
202623.jpg,brown_spot
201728.jpg,blast
201720.jpg,tungro
200831.jpg,bacterial_panicle_blight
202348.jpg,hispa
202014.jpg,dead_heart
201592.jpg,hispa
200996.jpg,normal
203180.jpg,hispa
201663.jpg,tungro
202674.jpg,dead_heart
202272.jpg,brown_spot
201934.jpg,normal
202300.jpg,dead_heart
201314.jpg,brown_spot
200608.jpg,normal
202931.jpg,downy_mildew
203345.jpg,hispa
200469.jpg,blast
202009.jpg,hispa
200778.jpg,normal
200035.jpg,dead_heart
202822.jpg,downy_mildew
203353.jpg,dead_heart
203267.jpg,bacterial_panicle_blight
201593.jpg,dead_heart
202947.jpg,downy_mildew
201600.jpg,dead_heart
202384.jpg,normal
201566.jpg,blast
203462.jpg,bacterial_panicle_blight
202023.jpg,normal
201787.jpg,blast
200751.jpg,bacterial_leaf_streak
200289.jpg,blast
202010.jpg,blast
200720.jpg,dead_heart
202394.jpg,tungro
202739.jpg,bacterial_leaf_streak
201106.jpg,bacterial_leaf_streak
200251.jpg,downy_mildew
200110.jpg,blast
202385.jpg,hispa
202784.jpg,normal
203231.jpg,bacterial_panicle_blight
202721.jpg,brown_spot
200966.jpg,dead_heart
203065.jpg,brown_spot
202799.jpg,bacterial_leaf_blight
203248.jpg,downy_mildew
201778.jpg,normal
203328.jpg,brown_spot
202881.jpg,blast
202809.jpg,downy_mildew
200409.jpg,bacterial_leaf_blight
201837.jpg,dead_heart
203086.jpg,hispa
200413.jpg,hispa
201323.jpg,blast
200179.jpg,brown_spot
203071.jpg,downy_mildew
203362.jpg,normal
202093.jpg,brown_spot
202003.jpg,normal
202414.jpg,normal
200696.jpg,downy_mildew
202040.jpg,normal
202242.jpg,hispa
200358.jpg,hispa
202458.jpg,normal
200033.jpg,brown_spot
202080.jpg,blast
203025.jpg,dead_heart
201942.jpg,downy_mildew
200932.jpg,dead_heart
202839.jpg,downy_mildew
201361.jpg,normal
201245.jpg,blast
201204.jpg,hispa
201893.jpg,dead_heart
200597.jpg,normal
201618.jpg,blast
200578.jpg,dead_heart
202262.jpg,normal
202995.jpg,brown_spot
203316.jpg,hispa
200082.jpg,dead_heart
202687.jpg,normal
200706.jpg,dead_heart
202542.jpg,downy_mildew
203087.jpg,dead_heart
201493.jpg,tungro
202490.jpg,normal
201540.jpg,hispa
200253.jpg,blast
200836.jpg,hispa
200444.jpg,downy_mildew
202495.jpg,blast
200969.jpg,blast
203011.jpg,dead_heart
202196.jpg,brown_spot
201172.jpg,tungro
201115.jpg,downy_mildew
201429.jpg,hispa
203141.jpg,normal
201822.jpg,brown_spot
200661.jpg,blast
200024.jpg,dead_heart
201718.jpg,bacterial_leaf_blight
201698.jpg,dead_heart
202945.jpg,normal
200244.jpg,hispa
201347.jpg,normal
202083.jpg,blast
201861.jpg,normal
201136.jpg,dead_heart
202994.jpg,blast
202464.jpg,dead_heart
200874.jpg,bacterial_leaf_streak
201538.jpg,brown_spot
201073.jpg,blast
200925.jpg,bacterial_leaf_streak
200847.jpg,bacterial_panicle_blight
202528.jpg,normal
201248.jpg,dead_heart
201915.jpg,blast
203102.jpg,blast
203072.jpg,tungro
200371.jpg,tungro
202061.jpg,normal
200842.jpg,dead_heart
201178.jpg,blast
201007.jpg,normal
202854.jpg,brown_spot
200600.jpg,normal
200555.jpg,hispa
201173.jpg,hispa
200100.jpg,bacterial_leaf_blight
200628.jpg,dead_heart
200006.jpg,brown_spot
200389.jpg,dead_heart
202949.jpg,brown_spot
203331.jpg,downy_mildew
200224.jpg,normal
201569.jpg,hispa
200125.jpg,blast
203037.jpg,bacterial_panicle_blight
200538.jpg,dead_heart
202998.jpg,dead_heart
202921.jpg,normal
202622.jpg,dead_heart
203368.jpg,downy_mildew
202026.jpg,normal
200042.jpg,brown_spot
202900.jpg,bacterial_panicle_blight
201056.jpg,hispa
202897.jpg,dead_heart
201215.jpg,normal
203127.jpg,normal
202619.jpg,hispa
201532.jpg,hispa
202213.jpg,downy_mildew
200136.jpg,brown_spot
201074.jpg,hispa
202480.jpg,hispa
202870.jpg,hispa
202240.jpg,normal
202226.jpg,blast
200267.jpg,tungro
200419.jpg,hispa
201010.jpg,blast
200839.jpg,brown_spot
203303.jpg,dead_heart
200964.jpg,blast
201099.jpg,brown_spot
200015.jpg,normal
200705.jpg,hispa
202850.jpg,normal
202132.jpg,brown_spot
201257.jpg,bacterial_leaf_blight
201982.jpg,dead_heart
203356.jpg,tungro
203128.jpg,blast
202962.jpg,tungro
201582.jpg,normal
203146.jpg,hispa
201244.jpg,normal
200333.jpg,hispa
202289.jpg,brown_spot
201984.jpg,hispa
203190.jpg,blast
200401.jpg,dead_heart
202018.jpg,blast
200329.jpg,dead_heart
201878.jpg,normal
201169.jpg,bacterial_leaf_streak
203100.jpg,tungro
203148.jpg,bacterial_leaf_streak
202844.jpg,blast
202170.jpg,normal
202725.jpg,hispa
202759.jpg,hispa
200280.jpg,hispa
201377.jpg,blast
201267.jpg,blast
202851.jpg,tungro
202734.jpg,normal
201481.jpg,bacterial_leaf_streak
201850.jpg,tungro
202943.jpg,hispa
200758.jpg,bacterial_panicle_blight
201828.jpg,blast
200359.jpg,normal
202440.jpg,blast
203045.jpg,blast
202746.jpg,normal
200310.jpg,tungro
203168.jpg,hispa
200626.jpg,normal
201395.jpg,normal
201472.jpg,normal
200077.jpg,hispa
203158.jpg,downy_mildew
200875.jpg,normal
201474.jpg,hispa
200278.jpg,bacterial_leaf_blight
201198.jpg,tungro
201398.jpg,tungro
200944.jpg,dead_heart
202398.jpg,hispa
202016.jpg,dead_heart
200153.jpg,downy_mildew
203066.jpg,hispa
200680.jpg,tungro
203405.jpg,blast
203295.jpg,brown_spot
203350.jpg,normal
202583.jpg,normal
202540.jpg,tungro
203031.jpg,bacterial_leaf_streak
200429.jpg,blast
203147.jpg,blast
202439.jpg,brown_spot
201127.jpg,normal
202089.jpg,normal
201039.jpg,bacterial_leaf_blight
200311.jpg,normal
200032.jpg,dead_heart
200396.jpg,normal
202554.jpg,bacterial_leaf_streak
200789.jpg,blast
200155.jpg,downy_mildew
202340.jpg,blast
201424.jpg,hispa
201031.jpg,bacterial_leaf_streak
200323.jpg,bacterial_leaf_blight
202168.jpg,blast
201533.jpg,bacterial_panicle_blight
201753.jpg,normal
203183.jpg,hispa
200858.jpg,tungro
203453.jpg,downy_mildew
200855.jpg,dead_heart
201964.jpg,normal
201617.jpg,tungro
201547.jpg,hispa
201268.jpg,tungro
203264.jpg,normal
202149.jpg,normal
200400.jpg,normal
201221.jpg,brown_spot
202327.jpg,blast
202824.jpg,blast
201739.jpg,bacterial_panicle_blight
203218.jpg,brown_spot
202044.jpg,bacterial_panicle_blight
203372.jpg,hispa
200918.jpg,tungro
201376.jpg,blast
203075.jpg,dead_heart
200373.jpg,normal
202871.jpg,tungro
202204.jpg,hispa
201874.jpg,dead_heart
200472.jpg,hispa
202491.jpg,tungro
202152.jpg,tungro
203092.jpg,normal
200576.jpg,brown_spot
200984.jpg,downy_mildew
203176.jpg,bacterial_leaf_blight
202513.jpg,blast
200673.jpg,hispa
201013.jpg,normal
200556.jpg,bacterial_panicle_blight
201058.jpg,hispa
201531.jpg,hispa
201111.jpg,blast
200603.jpg,dead_heart
201280.jpg,hispa
201443.jpg,bacterial_leaf_blight
201742.jpg,brown_spot
202059.jpg,bacterial_leaf_streak
202846.jpg,blast
201017.jpg,hispa
200909.jpg,brown_spot
201256.jpg,tungro
201253.jpg,dead_heart
200974.jpg,hispa
200482.jpg,tungro
201263.jpg,tungro
203203.jpg,dead_heart
201222.jpg,downy_mildew
200030.jpg,bacterial_leaf_streak
201599.jpg,dead_heart
200431.jpg,downy_mildew
202798.jpg,hispa
202594.jpg,bacterial_leaf_streak
201579.jpg,brown_spot
201900.jpg,dead_heart
201684.jpg,bacterial_leaf_blight
200929.jpg,brown_spot
200063.jpg,brown_spot
202189.jpg,blast
200737.jpg,hispa
200739.jpg,downy_mildew
201776.jpg,dead_heart
201639.jpg,downy_mildew
201537.jpg,brown_spot
201802.jpg,bacterial_leaf_blight
200682.jpg,normal
203436.jpg,bacterial_leaf_blight
203244.jpg,normal
202215.jpg,hispa
200002.jpg,normal
201923.jpg,hispa
202667.jpg,dead_heart
200689.jpg,dead_heart
200164.jpg,bacterial_leaf_streak
202504.jpg,dead_heart
200577.jpg,brown_spot
202122.jpg,downy_mildew
201375.jpg,hispa
202506.jpg,bacterial_leaf_blight
203450.jpg,normal
200709.jpg,dead_heart
201690.jpg,brown_spot
201417.jpg,hispa
200846.jpg,tungro
200016.jpg,blast
202678.jpg,downy_mildew
202718.jpg,dead_heart
200750.jpg,bacterial_leaf_blight
202767.jpg,dead_heart
203277.jpg,brown_spot
201050.jpg,normal
202955.jpg,hispa
202880.jpg,dead_heart
201312.jpg,normal
202079.jpg,hispa
202963.jpg,dead_heart
201114.jpg,brown_spot
202371.jpg,bacterial_leaf_blight
200501.jpg,normal
202688.jpg,normal
200128.jpg,hispa
201692.jpg,bacterial_leaf_blight
200147.jpg,dead_heart
202741.jpg,normal
201785.jpg,hispa
202068.jpg,bacterial_leaf_blight
201238.jpg,tungro
200843.jpg,hispa
202355.jpg,bacterial_panicle_blight
200496.jpg,bacterial_leaf_blight
203387.jpg,blast
202755.jpg,hispa
202148.jpg,tungro
200304.jpg,tungro
203429.jpg,normal
200777.jpg,blast
200227.jpg,dead_heart
201973.jpg,downy_mildew
201631.jpg,hispa
201128.jpg,tungro
203343.jpg,bacterial_panicle_blight
200439.jpg,brown_spot
202127.jpg,tungro
201846.jpg,normal
202806.jpg,normal
202065.jpg,brown_spot
200069.jpg,dead_heart
201933.jpg,brown_spot
202751.jpg,blast
200230.jpg,downy_mildew
201747.jpg,dead_heart
200185.jpg,dead_heart
202223.jpg,bacterial_panicle_blight
200725.jpg,normal
202273.jpg,bacterial_leaf_blight
200992.jpg,normal
202211.jpg,normal
202182.jpg,blast
201444.jpg,hispa
201320.jpg,downy_mildew
203279.jpg,brown_spot
202206.jpg,dead_heart
200718.jpg,normal
203308.jpg,dead_heart
202000.jpg,hispa
200176.jpg,brown_spot
202081.jpg,dead_heart
201655.jpg,blast
203187.jpg,normal
201974.jpg,hispa
201366.jpg,dead_heart
203247.jpg,blast
202351.jpg,bacterial_leaf_blight
200233.jpg,blast
201519.jpg,hispa
201713.jpg,hispa
201686.jpg,blast
202804.jpg,hispa
200201.jpg,tungro
201400.jpg,dead_heart
200605.jpg,dead_heart
200486.jpg,hispa
201346.jpg,brown_spot
201275.jpg,tungro
202951.jpg,bacterial_panicle_blight
201945.jpg,blast
201589.jpg,hispa
201652.jpg,hispa
203097.jpg,blast
202885.jpg,tungro
201792.jpg,hispa
201438.jpg,hispa
200574.jpg,hispa
203327.jpg,bacterial_leaf_streak
200566.jpg,blast
200729.jpg,blast
200219.jpg,brown_spot
203243.jpg,brown_spot
200856.jpg,blast
203215.jpg,bacterial_panicle_blight
203046.jpg,tungro
200615.jpg,bacterial_leaf_blight
202618.jpg,brown_spot
201659.jpg,normal
200216.jpg,brown_spot
202142.jpg,tungro
202763.jpg,blast
201687.jpg,bacterial_leaf_streak
200711.jpg,normal
203262.jpg,blast
201931.jpg,tungro
201810.jpg,normal
202627.jpg,normal
201799.jpg,normal
201717.jpg,bacterial_leaf_streak
201808.jpg,bacterial_panicle_blight
200415.jpg,bacterial_leaf_streak
200494.jpg,blast
200528.jpg,dead_heart
203309.jpg,normal
200813.jpg,normal
200282.jpg,normal
202589.jpg,downy_mildew
200572.jpg,normal
202422.jpg,blast
202967.jpg,dead_heart
200061.jpg,dead_heart
201315.jpg,brown_spot
203440.jpg,blast
200447.jpg,normal
202330.jpg,dead_heart
201442.jpg,normal
203338.jpg,blast
202680.jpg,blast
202417.jpg,normal
202282.jpg,brown_spot
201158.jpg,normal
202483.jpg,downy_mildew
202736.jpg,blast
202984.jpg,brown_spot
200365.jpg,normal
202264.jpg,blast
200475.jpg,brown_spot
200208.jpg,brown_spot
202339.jpg,blast
200947.jpg,blast
202011.jpg,blast
201306.jpg,normal
202207.jpg,blast
200326.jpg,blast
201420.jpg,dead_heart
202033.jpg,tungro
200037.jpg,bacterial_leaf_blight
200286.jpg,normal
200484.jpg,tungro
201529.jpg,hispa
200313.jpg,normal
202606.jpg,tungro
201620.jpg,blast
201562.jpg,hispa
201924.jpg,dead_heart
202534.jpg,blast
200158.jpg,tungro
200090.jpg,blast
201313.jpg,tungro
201809.jpg,blast
200762.jpg,blast
200867.jpg,tungro
200341.jpg,normal
202600.jpg,hispa
202790.jpg,tungro
202254.jpg,normal
200889.jpg,downy_mildew
200332.jpg,hispa
202975.jpg,normal
200679.jpg,blast
200554.jpg,tungro
200756.jpg,bacterial_panicle_blight
201928.jpg,dead_heart
201823.jpg,tungro
202738.jpg,normal
201227.jpg,hispa
202807.jpg,bacterial_leaf_blight
201550.jpg,blast
200948.jpg,blast
202801.jpg,normal
203421.jpg,normal
200131.jpg,brown_spot
201503.jpg,blast
201249.jpg,hispa
200046.jpg,bacterial_leaf_blight
201326.jpg,hispa
202670.jpg,dead_heart
200861.jpg,brown_spot
203051.jpg,brown_spot
201771.jpg,hispa
203257.jpg,brown_spot
202463.jpg,blast
203058.jpg,normal
201640.jpg,dead_heart
203449.jpg,blast
203090.jpg,normal
200214.jpg,brown_spot
200196.jpg,bacterial_panicle_blight
202664.jpg,bacterial_leaf_streak
202647.jpg,hispa
202780.jpg,bacterial_leaf_blight
202085.jpg,normal
202550.jpg,blast
200541.jpg,bacterial_leaf_blight
201028.jpg,tungro
203028.jpg,blast
201953.jpg,dead_heart
201628.jpg,brown_spot
200803.jpg,dead_heart
202660.jpg,hispa
201057.jpg,downy_mildew
201576.jpg,brown_spot
201798.jpg,normal
201316.jpg,downy_mildew
202263.jpg,dead_heart
202094.jpg,normal
200826.jpg,tungro
201688.jpg,bacterial_leaf_streak
202323.jpg,normal
200760.jpg,downy_mildew
202028.jpg,dead_heart
201917.jpg,tungro
203322.jpg,hispa
202443.jpg,bacterial_leaf_blight
200461.jpg,brown_spot
203241.jpg,blast
202610.jpg,hispa
200835.jpg,normal
201155.jpg,dead_heart
201795.jpg,bacterial_leaf_blight
202745.jpg,blast
201676.jpg,bacterial_panicle_blight
200613.jpg,tungro
200503.jpg,downy_mildew
200404.jpg,hispa
201259.jpg,normal
201207.jpg,dead_heart
200851.jpg,brown_spot
202547.jpg,hispa
203108.jpg,brown_spot
200849.jpg,bacterial_panicle_blight
200381.jpg,normal
201075.jpg,bacterial_leaf_blight
201930.jpg,dead_heart
200195.jpg,hispa
200936.jpg,blast
203351.jpg,tungro
201324.jpg,dead_heart
203364.jpg,tungro
202575.jpg,brown_spot
200325.jpg,tungro
202012.jpg,bacterial_leaf_streak
201518.jpg,bacterial_panicle_blight
201812.jpg,dead_heart
203451.jpg,brown_spot
201411.jpg,dead_heart
200982.jpg,tungro
200452.jpg,brown_spot
202457.jpg,hispa
200174.jpg,hispa
202190.jpg,normal
203197.jpg,dead_heart
201218.jpg,hispa
202461.jpg,normal
200728.jpg,brown_spot
200383.jpg,normal
203360.jpg,tungro
203395.jpg,normal
203120.jpg,dead_heart
201425.jpg,bacterial_leaf_blight
201557.jpg,dead_heart
202749.jpg,hispa
200697.jpg,bacterial_leaf_blight
202341.jpg,bacterial_leaf_streak
200478.jpg,blast
201187.jpg,normal
202006.jpg,dead_heart
202608.jpg,hispa
202276.jpg,tungro
203272.jpg,normal
202046.jpg,tungro
201908.jpg,hispa
200693.jpg,blast
202373.jpg,hispa
202821.jpg,brown_spot
201089.jpg,blast
203042.jpg,normal
200795.jpg,normal
200266.jpg,blast
203314.jpg,downy_mildew
200403.jpg,hispa
200165.jpg,hispa
201648.jpg,tungro
202711.jpg,dead_heart
200685.jpg,downy_mildew
203114.jpg,brown_spot
201525.jpg,normal
201405.jpg,bacterial_leaf_streak
202964.jpg,brown_spot
202609.jpg,hispa
202785.jpg,hispa
200805.jpg,hispa
203374.jpg,normal
201277.jpg,dead_heart
201740.jpg,blast
201261.jpg,hispa
201814.jpg,bacterial_leaf_streak
200288.jpg,normal
203432.jpg,brown_spot
200639.jpg,blast
200394.jpg,normal
200800.jpg,bacterial_leaf_blight
203010.jpg,blast
201038.jpg,hispa
202376.jpg,normal
200438.jpg,normal
200190.jpg,blast
200730.jpg,bacterial_leaf_streak
201235.jpg,normal
202615.jpg,brown_spot
203466.jpg,hispa
200044.jpg,hispa
202552.jpg,bacterial_leaf_blight
201487.jpg,tungro
201367.jpg,blast
202905.jpg,hispa
201230.jpg,brown_spot
201329.jpg,brown_spot
201548.jpg,tungro
202037.jpg,normal
202654.jpg,hispa
202864.jpg,tungro
202573.jpg,brown_spot
200029.jpg,dead_heart
202643.jpg,dead_heart
202171.jpg,normal
202395.jpg,bacterial_leaf_streak
201877.jpg,blast
200606.jpg,bacterial_leaf_streak
203337.jpg,dead_heart
202176.jpg,brown_spot
203288.jpg,bacterial_panicle_blight
201360.jpg,normal
202935.jpg,brown_spot
201561.jpg,hispa
203280.jpg,tungro
202319.jpg,dead_heart
202279.jpg,bacterial_leaf_blight
201330.jpg,tungro
200026.jpg,hispa
202350.jpg,dead_heart
200814.jpg,normal
201373.jpg,bacterial_panicle_blight
200462.jpg,hispa
201291.jpg,tungro
201370.jpg,tungro
203112.jpg,dead_heart
200704.jpg,bacterial_leaf_blight
200318.jpg,dead_heart
200350.jpg,blast
201574.jpg,bacterial_leaf_streak
201883.jpg,dead_heart
201820.jpg,blast
201669.jpg,brown_spot
202585.jpg,tungro
200965.jpg,blast
201960.jpg,hispa
200470.jpg,hispa
201881.jpg,brown_spot
202231.jpg,hispa
200702.jpg,tungro
201419.jpg,blast
203418.jpg,bacterial_panicle_blight
200880.jpg,hispa
200884.jpg,brown_spot
201355.jpg,blast
201029.jpg,hispa
201449.jpg,dead_heart
203125.jpg,dead_heart
200270.jpg,blast
200467.jpg,normal
201498.jpg,hispa
203154.jpg,tungro
200883.jpg,dead_heart
201530.jpg,normal
202979.jpg,brown_spot
200688.jpg,bacterial_leaf_blight
200589.jpg,normal
200544.jpg,hispa
202531.jpg,hispa
200683.jpg,tungro
202537.jpg,blast
201867.jpg,hispa
200013.jpg,normal
202378.jpg,downy_mildew
202699.jpg,dead_heart
201177.jpg,normal
201025.jpg,blast
202733.jpg,normal
200049.jpg,bacterial_panicle_blight
200163.jpg,dead_heart
201385.jpg,blast
202433.jpg,blast
202157.jpg,normal
200399.jpg,brown_spot
200028.jpg,brown_spot
201284.jpg,downy_mildew
201130.jpg,hispa
200801.jpg,hispa
203381.jpg,blast
201069.jpg,normal
201152.jpg,normal
202633.jpg,bacterial_leaf_blight
202782.jpg,tungro
201213.jpg,blast
202525.jpg,blast
200455.jpg,hispa
200641.jpg,blast
200634.jpg,hispa
201331.jpg,dead_heart
201447.jpg,normal
200144.jpg,blast
202549.jpg,dead_heart
202021.jpg,blast
202923.jpg,hispa
202222.jpg,blast
202716.jpg,tungro
201255.jpg,hispa
200976.jpg,normal
202987.jpg,normal
202645.jpg,normal
203083.jpg,hispa
202954.jpg,brown_spot
202372.jpg,normal
202656.jpg,blast
201352.jpg,hispa
201674.jpg,brown_spot
201807.jpg,blast
200890.jpg,blast
200121.jpg,dead_heart
203465.jpg,dead_heart
202484.jpg,downy_mildew
203073.jpg,hispa
201584.jpg,bacterial_leaf_blight
200905.jpg,hispa
202524.jpg,blast
200159.jpg,normal
202564.jpg,normal
201475.jpg,hispa
202181.jpg,normal
200850.jpg,dead_heart
201818.jpg,blast
201783.jpg,normal
200122.jpg,blast
202852.jpg,normal
202794.jpg,normal
202653.jpg,normal
203206.jpg,blast
201955.jpg,dead_heart
201520.jpg,bacterial_leaf_blight
200367.jpg,normal
201067.jpg,normal
202450.jpg,tungro
202722.jpg,normal
202427.jpg,tungro
201072.jpg,downy_mildew
203070.jpg,blast
202437.jpg,bacterial_leaf_blight
201032.jpg,downy_mildew
202185.jpg,bacterial_panicle_blight
202113.jpg,bacterial_leaf_streak
200477.jpg,blast
201281.jpg,downy_mildew
200764.jpg,dead_heart
202826.jpg,dead_heart
203237.jpg,brown_spot
202986.jpg,hispa
200710.jpg,hispa
201045.jpg,hispa
201216.jpg,tungro
201129.jpg,blast
202815.jpg,normal
201743.jpg,bacterial_leaf_streak
202205.jpg,normal
202129.jpg,normal
201638.jpg,bacterial_panicle_blight
201508.jpg,normal
202409.jpg,brown_spot
203276.jpg,blast
202315.jpg,dead_heart
201596.jpg,normal
200112.jpg,blast
201773.jpg,normal
201670.jpg,hispa
200490.jpg,downy_mildew
201501.jpg,bacterial_leaf_blight
201191.jpg,blast
202560.jpg,blast
202942.jpg,hispa
200074.jpg,downy_mildew
200081.jpg,dead_heart
203015.jpg,blast
202134.jpg,bacterial_panicle_blight
200525.jpg,blast
202607.jpg,hispa
202244.jpg,blast
202451.jpg,dead_heart
202976.jpg,hispa
200911.jpg,downy_mildew
202159.jpg,tungro
200129.jpg,blast
201678.jpg,normal
202926.jpg,dead_heart
201455.jpg,dead_heart
201000.jpg,tungro
201695.jpg,bacterial_panicle_blight
201051.jpg,brown_spot
200051.jpg,blast
201206.jpg,normal
200899.jpg,dead_heart
200793.jpg,brown_spot
202047.jpg,tungro
202918.jpg,hispa
200888.jpg,hispa
201465.jpg,hispa
202901.jpg,dead_heart
202481.jpg,hispa
202948.jpg,blast
203419.jpg,bacterial_leaf_blight
201143.jpg,bacterial_leaf_blight
202825.jpg,hispa
200853.jpg,bacterial_panicle_blight
202445.jpg,normal
202548.jpg,dead_heart
202070.jpg,normal
202884.jpg,dead_heart
201180.jpg,brown_spot
203226.jpg,tungro
201668.jpg,normal
201445.jpg,tungro
200221.jpg,dead_heart
203430.jpg,blast
203157.jpg,normal
203061.jpg,hispa
200508.jpg,dead_heart
202328.jpg,tungro
202001.jpg,hispa
200738.jpg,dead_heart
202096.jpg,brown_spot
202518.jpg,hispa
203189.jpg,brown_spot
202637.jpg,normal
200924.jpg,normal
202843.jpg,normal
201188.jpg,dead_heart
202838.jpg,dead_heart
202245.jpg,bacterial_leaf_streak
203162.jpg,dead_heart
203199.jpg,hispa
200171.jpg,dead_heart
201694.jpg,tungro
202679.jpg,tungro
201432.jpg,hispa
202991.jpg,normal
202446.jpg,hispa
202364.jpg,hispa
200513.jpg,normal
202621.jpg,blast
201134.jpg,bacterial_panicle_blight
200904.jpg,bacterial_panicle_blight
203416.jpg,normal
203151.jpg,downy_mildew
201387.jpg,normal
201570.jpg,normal
200269.jpg,hispa
200724.jpg,dead_heart
200226.jpg,normal
203094.jpg,hispa
201379.jpg,normal
202208.jpg,tungro
203185.jpg,brown_spot
203292.jpg,normal
202581.jpg,tungro
202723.jpg,normal
202382.jpg,dead_heart
201989.jpg,blast
201679.jpg,normal
202675.jpg,blast
200192.jpg,normal
202814.jpg,normal
203310.jpg,dead_heart
201107.jpg,bacterial_leaf_streak
203354.jpg,blast
202406.jpg,blast
200094.jpg,normal
200039.jpg,dead_heart
202912.jpg,tungro
200336.jpg,bacterial_leaf_blight
201608.jpg,normal
201605.jpg,tungro
202888.jpg,hispa
203110.jpg,dead_heart
201290.jpg,dead_heart
202468.jpg,tungro
200315.jpg,blast
200669.jpg,tungro
201665.jpg,hispa
200943.jpg,hispa
203144.jpg,blast
201151.jpg,blast
203004.jpg,tungro
202069.jpg,bacterial_leaf_blight
201627.jpg,normal
200498.jpg,bacterial_leaf_blight
201208.jpg,normal
201322.jpg,hispa
203208.jpg,normal
203242.jpg,blast
201296.jpg,hispa
203401.jpg,dead_heart
200466.jpg,tungro
200726.jpg,dead_heart
201956.jpg,dead_heart
200276.jpg,dead_heart
201611.jpg,normal
200598.jpg,dead_heart
203399.jpg,downy_mildew
201700.jpg,bacterial_leaf_blight
202519.jpg,blast
203081.jpg,bacterial_leaf_streak
203076.jpg,blast
200188.jpg,blast
202685.jpg,blast
202588.jpg,downy_mildew
200524.jpg,tungro
200619.jpg,tungro
201603.jpg,blast
201116.jpg,normal
200797.jpg,normal
202545.jpg,normal
202651.jpg,dead_heart
201437.jpg,dead_heart
202489.jpg,dead_heart
200298.jpg,hispa
201181.jpg,blast
200277.jpg,normal
200543.jpg,dead_heart
203240.jpg,dead_heart
200317.jpg,hispa
201860.jpg,hispa
200552.jpg,blast
203373.jpg,blast
201750.jpg,bacterial_panicle_blight
200643.jpg,hispa
203018.jpg,tungro
201821.jpg,bacterial_leaf_blight
202523.jpg,tungro
202298.jpg,normal
202150.jpg,dead_heart
200586.jpg,dead_heart
200096.jpg,tungro
201682.jpg,blast
203204.jpg,normal
201071.jpg,bacterial_panicle_blight
203378.jpg,normal
201189.jpg,brown_spot
201125.jpg,tungro
200036.jpg,hispa
202944.jpg,blast
203251.jpg,hispa
200625.jpg,hispa
201494.jpg,tungro
202641.jpg,bacterial_leaf_streak
200488.jpg,brown_spot
202317.jpg,dead_heart
203175.jpg,normal
200933.jpg,dead_heart
201890.jpg,bacterial_leaf_streak
202474.jpg,brown_spot
201019.jpg,normal
202630.jpg,downy_mildew
201664.jpg,blast
200115.jpg,dead_heart
200099.jpg,dead_heart
201170.jpg,normal
202768.jpg,hispa
202904.jpg,tungro
203329.jpg,dead_heart
201195.jpg,normal
200385.jpg,hispa
200815.jpg,dead_heart
200040.jpg,tungro
202875.jpg,dead_heart
202411.jpg,downy_mildew
200203.jpg,bacterial_leaf_streak
200020.jpg,dead_heart
200453.jpg,tungro
200301.jpg,tungro
203304.jpg,blast
200187.jpg,hispa
202397.jpg,bacterial_leaf_blight
200420.jpg,tungro
201184.jpg,tungro
201725.jpg,blast
203258.jpg,blast
200034.jpg,brown_spot
201247.jpg,normal
200337.jpg,normal
200017.jpg,tungro
202421.jpg,hispa
201302.jpg,brown_spot
201932.jpg,brown_spot
202765.jpg,normal
203054.jpg,normal
201451.jpg,dead_heart
201968.jpg,dead_heart
200446.jpg,blast
200941.jpg,blast
200616.jpg,brown_spot
202287.jpg,blast
200523.jpg,hispa
202956.jpg,bacterial_panicle_blight
201085.jpg,tungro
202294.jpg,downy_mildew
200143.jpg,blast
200594.jpg,dead_heart
201796.jpg,bacterial_leaf_blight
202985.jpg,bacterial_leaf_streak
202187.jpg,hispa
201869.jpg,bacterial_leaf_blight
201060.jpg,bacterial_leaf_blight
200959.jpg,tungro
200665.jpg,downy_mildew
201065.jpg,blast
202369.jpg,tungro
201133.jpg,hispa
200103.jpg,hispa
201616.jpg,bacterial_leaf_streak
201952.jpg,normal
203063.jpg,normal
202073.jpg,normal
202020.jpg,blast
202278.jpg,hispa
202950.jpg,brown_spot
202752.jpg,tungro
200898.jpg,tungro
202756.jpg,blast
203297.jpg,downy_mildew
200985.jpg,hispa
200534.jpg,tungro
201418.jpg,dead_heart
201004.jpg,normal
203410.jpg,hispa
202234.jpg,tungro
200796.jpg,normal
201541.jpg,brown_spot
200191.jpg,blast
202101.jpg,normal
200915.jpg,normal
201333.jpg,brown_spot
200412.jpg,tungro
202493.jpg,hispa
200234.jpg,blast
201972.jpg,downy_mildew
200857.jpg,blast
200601.jpg,dead_heart
202098.jpg,normal
201084.jpg,hispa
201353.jpg,blast
202224.jpg,hispa
202708.jpg,dead_heart
200621.jpg,normal
202707.jpg,tungro
200882.jpg,normal
201515.jpg,brown_spot
200273.jpg,normal
200712.jpg,hispa
203024.jpg,tungro
200983.jpg,bacterial_leaf_streak
203294.jpg,dead_heart
202787.jpg,blast
201293.jpg,dead_heart
201734.jpg,blast
202195.jpg,dead_heart
202797.jpg,hispa
201567.jpg,dead_heart
202249.jpg,tungro
200599.jpg,normal
200184.jpg,blast
200952.jpg,bacterial_leaf_streak
203438.jpg,hispa
203139.jpg,blast
202202.jpg,dead_heart
202783.jpg,hispa
200093.jpg,hispa
201269.jpg,dead_heart
203040.jpg,bacterial_leaf_streak
203009.jpg,hispa
203196.jpg,blast
201063.jpg,normal
201463.jpg,tungro
201225.jpg,tungro
202027.jpg,bacterial_leaf_blight
202188.jpg,blast
202054.jpg,hispa
200674.jpg,normal
202032.jpg,normal
200677.jpg,normal
201364.jpg,bacterial_panicle_blight
201994.jpg,hispa
202861.jpg,bacterial_panicle_blight
202380.jpg,blast
202004.jpg,blast
203369.jpg,bacterial_panicle_blight
200631.jpg,downy_mildew
202929.jpg,hispa
202793.jpg,normal
201252.jpg,hispa
203177.jpg,brown_spot
200194.jpg,brown_spot
200213.jpg,normal
201711.jpg,brown_spot
201741.jpg,dead_heart
202527.jpg,blast
201641.jpg,blast
201969.jpg,dead_heart
201516.jpg,blast
200939.jpg,blast
201482.jpg,blast
201595.jpg,blast
203227.jpg,bacterial_leaf_blight
201349.jpg,hispa
201858.jpg,normal
202856.jpg,tungro
201040.jpg,brown_spot
200319.jpg,normal
202731.jpg,dead_heart
200428.jpg,downy_mildew
200287.jpg,bacterial_leaf_streak
201460.jpg,blast
202907.jpg,bacterial_panicle_blight
200314.jpg,hispa
202166.jpg,hispa
201271.jpg,blast
200886.jpg,dead_heart
200785.jpg,normal
202686.jpg,tungro
202374.jpg,dead_heart
202449.jpg,bacterial_leaf_streak
202326.jpg,dead_heart
202162.jpg,dead_heart
202155.jpg,dead_heart
200167.jpg,blast
201005.jpg,bacterial_leaf_blight
202671.jpg,hispa
201609.jpg,tungro
201938.jpg,hispa
201479.jpg,dead_heart
201958.jpg,normal
200958.jpg,tungro
202086.jpg,normal
200123.jpg,dead_heart
201043.jpg,downy_mildew
200342.jpg,bacterial_leaf_streak
202304.jpg,hispa
201935.jpg,downy_mildew
200591.jpg,blast
203020.jpg,bacterial_leaf_blight
200372.jpg,normal
201925.jpg,normal
202973.jpg,downy_mildew
202700.jpg,tungro
201344.jpg,dead_heart
200361.jpg,brown_spot
200018.jpg,hispa
203109.jpg,hispa
200445.jpg,dead_heart
200949.jpg,blast
200084.jpg,dead_heart
202413.jpg,dead_heart
201556.jpg,tungro
200953.jpg,brown_spot
200876.jpg,brown_spot
200022.jpg,tungro
203214.jpg,hispa
200972.jpg,bacterial_leaf_blight
200076.jpg,brown_spot
202719.jpg,blast
202522.jpg,hispa
200809.jpg,downy_mildew
203067.jpg,bacterial_leaf_blight
200005.jpg,blast
203155.jpg,normal
201037.jpg,normal
201391.jpg,brown_spot
201754.jpg,dead_heart
201003.jpg,tungro
200580.jpg,downy_mildew
200553.jpg,bacterial_leaf_streak
202894.jpg,normal
202990.jpg,hispa
201801.jpg,hispa
201751.jpg,normal
200642.jpg,dead_heart
201495.jpg,bacterial_leaf_blight
201677.jpg,hispa
201305.jpg,hispa
201683.jpg,normal
201965.jpg,hispa
200563.jpg,hispa
201899.jpg,hispa
200833.jpg,blast
201703.jpg,hispa
200652.jpg,brown_spot
203236.jpg,dead_heart
200021.jpg,normal
201337.jpg,downy_mildew
200526.jpg,hispa
202456.jpg,brown_spot
200104.jpg,downy_mildew
203029.jpg,blast
201667.jpg,normal
202582.jpg,bacterial_leaf_blight
202925.jpg,dead_heart
200579.jpg,dead_heart
200169.jpg,tungro
202253.jpg,dead_heart
200059.jpg,bacterial_leaf_blight
201549.jpg,brown_spot
202284.jpg,normal
200885.jpg,hispa
202214.jpg,bacterial_leaf_blight
201081.jpg,brown_spot
203219.jpg,dead_heart
201132.jpg,brown_spot
201286.jpg,hispa
201583.jpg,brown_spot
201054.jpg,tungro
201970.jpg,blast
200436.jpg,downy_mildew
201211.jpg,bacterial_panicle_blight
202058.jpg,tungro
201325.jpg,dead_heart
202133.jpg,hispa
202232.jpg,bacterial_leaf_blight
201174.jpg,hispa
201041.jpg,dead_heart
202914.jpg,blast
201499.jpg,normal
203415.jpg,hispa
200783.jpg,hispa
202823.jpg,dead_heart
200200.jpg,dead_heart
203170.jpg,hispa
200771.jpg,bacterial_leaf_blight
201142.jpg,normal
202603.jpg,downy_mildew
202344.jpg,dead_heart
202022.jpg,hispa
202932.jpg,blast
200866.jpg,tungro
200285.jpg,brown_spot
201891.jpg,hispa
200602.jpg,dead_heart
201777.jpg,bacterial_leaf_streak
200754.jpg,brown_spot
201662.jpg,normal
200908.jpg,dead_heart
201297.jpg,bacterial_leaf_streak
202034.jpg,tungro
200715.jpg,tungro
201205.jpg,tungro
203107.jpg,dead_heart
200655.jpg,brown_spot
200721.jpg,downy_mildew
201138.jpg,blast
200106.jpg,blast
200204.jpg,downy_mildew
201047.jpg,blast
203284.jpg,normal
200637.jpg,blast
203377.jpg,brown_spot
202574.jpg,tungro
201153.jpg,brown_spot
201363.jpg,brown_spot
200973.jpg,bacterial_leaf_blight
200001.jpg,hispa
203352.jpg,blast
200243.jpg,tungro
203434.jpg,tungro
202107.jpg,brown_spot
200585.jpg,blast
201440.jpg,brown_spot
202174.jpg,normal
200390.jpg,normal
200384.jpg,bacterial_leaf_blight
202830.jpg,bacterial_panicle_blight
202237.jpg,blast
202669.jpg,downy_mildew
203002.jpg,normal
201146.jpg,normal
200237.jpg,brown_spot
201575.jpg,brown_spot
202291.jpg,normal
200700.jpg,dead_heart
202257.jpg,normal
201053.jpg,blast
202334.jpg,tungro
201196.jpg,normal
202632.jpg,dead_heart
201403.jpg,blast
203022.jpg,tungro
202280.jpg,tungro
202694.jpg,hispa
200283.jpg,dead_heart
200362.jpg,dead_heart
202454.jpg,blast
202158.jpg,hispa
202510.jpg,blast
202246.jpg,blast
203393.jpg,brown_spot
202515.jpg,blast
200622.jpg,dead_heart
202939.jpg,blast
203286.jpg,blast
203038.jpg,dead_heart
201983.jpg,normal
201813.jpg,hispa
200215.jpg,blast
201517.jpg,downy_mildew
201829.jpg,hispa
202908.jpg,normal
201214.jpg,downy_mildew
200542.jpg,normal
201462.jpg,downy_mildew
200433.jpg,hispa
201833.jpg,blast
202657.jpg,dead_heart
202865.jpg,hispa
201997.jpg,hispa
202682.jpg,blast
200458.jpg,blast
202067.jpg,blast
200595.jpg,blast
201626.jpg,blast
202141.jpg,brown_spot
200759.jpg,blast
200117.jpg,normal
202051.jpg,hispa
200019.jpg,dead_heart
203217.jpg,blast
202988.jpg,dead_heart
202221.jpg,downy_mildew
200989.jpg,hispa
201512.jpg,downy_mildew
201384.jpg,hispa
200755.jpg,bacterial_panicle_blight
200779.jpg,normal
201912.jpg,dead_heart
200891.jpg,hispa
203026.jpg,hispa
200172.jpg,blast
201471.jpg,bacterial_leaf_streak
200241.jpg,hispa
201148.jpg,bacterial_leaf_blight
201673.jpg,blast
202567.jpg,normal
202283.jpg,brown_spot
200794.jpg,tungro
202100.jpg,brown_spot
201042.jpg,blast
201161.jpg,tungro
203163.jpg,blast
200139.jpg,blast
202505.jpg,brown_spot
203454.jpg,dead_heart
200343.jpg,tungro
200152.jpg,blast
203098.jpg,tungro
202239.jpg,hispa
201059.jpg,bacterial_leaf_blight
201660.jpg,hispa
201563.jpg,normal
202361.jpg,blast
200058.jpg,tungro
202274.jpg,hispa
200173.jpg,normal
201560.jpg,blast
202366.jpg,dead_heart
200844.jpg,tungro
200930.jpg,tungro
200837.jpg,brown_spot
200009.jpg,hispa
203077.jpg,bacterial_leaf_blight
200262.jpg,bacterial_leaf_streak
201797.jpg,dead_heart
201721.jpg,dead_heart
200306.jpg,blast
202913.jpg,tungro
200479.jpg,normal
202649.jpg,bacterial_leaf_blight
200366.jpg,blast
200468.jpg,bacterial_leaf_streak
202587.jpg,blast
202832.jpg,bacterial_leaf_blight
201704.jpg,hispa
201279.jpg,brown_spot
203326.jpg,dead_heart
201414.jpg,brown_spot
201738.jpg,normal
200078.jpg,bacterial_leaf_blight
200101.jpg,hispa
203059.jpg,bacterial_panicle_blight
201702.jpg,bacterial_leaf_streak
202769.jpg,hispa
202673.jpg,blast
200681.jpg,blast
201351.jpg,hispa
203469.jpg,dead_heart
201782.jpg,hispa
201439.jpg,normal
201937.jpg,normal
203133.jpg,bacterial_leaf_blight
203323.jpg,downy_mildew
202836.jpg,blast
202095.jpg,normal
201836.jpg,dead_heart
200587.jpg,bacterial_panicle_blight
202898.jpg,tungro
200130.jpg,bacterial_panicle_blight
200080.jpg,dead_heart
200242.jpg,brown_spot
200246.jpg,blast
200699.jpg,dead_heart
202866.jpg,bacterial_leaf_blight
203152.jpg,dead_heart
202578.jpg,tungro
200464.jpg,hispa
201404.jpg,hispa
203053.jpg,hispa
203253.jpg,hispa
202418.jpg,dead_heart
201752.jpg,normal
203312.jpg,normal
201476.jpg,dead_heart
202874.jpg,dead_heart
200618.jpg,hispa
203423.jpg,tungro
203149.jpg,blast
201922.jpg,bacterial_leaf_streak
203397.jpg,tungro
200573.jpg,bacterial_leaf_blight
200260.jpg,blast
203017.jpg,dead_heart
200518.jpg,hispa
201604.jpg,blast
200416.jpg,blast
200295.jpg,tungro
200894.jpg,blast
200808.jpg,dead_heart
200736.jpg,blast
201863.jpg,brown_spot
201824.jpg,dead_heart
203358.jpg,blast
200676.jpg,dead_heart
201941.jpg,hispa
202038.jpg,bacterial_panicle_blight
200662.jpg,downy_mildew
201167.jpg,blast
201522.jpg,bacterial_leaf_streak
202521.jpg,dead_heart
200025.jpg,blast
200695.jpg,blast
202462.jpg,bacterial_leaf_streak
202662.jpg,normal
201772.jpg,tungro
202017.jpg,blast
203043.jpg,downy_mildew
203052.jpg,blast
202270.jpg,normal
202050.jpg,normal
200379.jpg,blast
203302.jpg,bacterial_panicle_blight
200239.jpg,hispa
203252.jpg,dead_heart
200644.jpg,bacterial_leaf_blight
202792.jpg,brown_spot
201657.jpg,normal
202617.jpg,dead_heart
200499.jpg,dead_heart
202634.jpg,dead_heart
201496.jpg,hispa
200210.jpg,tungro
200707.jpg,tungro
202377.jpg,downy_mildew
203230.jpg,downy_mildew
203342.jpg,blast
202958.jpg,normal
200281.jpg,brown_spot
201947.jpg,dead_heart
200659.jpg,hispa
200781.jpg,bacterial_leaf_streak
201885.jpg,dead_heart
203143.jpg,blast
202175.jpg,blast
203406.jpg,blast
200448.jpg,tungro
202747.jpg,normal
200402.jpg,normal
202663.jpg,bacterial_leaf_blight
201951.jpg,hispa
202057.jpg,hispa
200978.jpg,bacterial_leaf_blight
203340.jpg,brown_spot
201338.jpg,hispa
202333.jpg,dead_heart
200264.jpg,normal
201774.jpg,brown_spot
202436.jpg,normal
200202.jpg,blast
202459.jpg,dead_heart
202393.jpg,bacterial_panicle_blight
202952.jpg,hispa
202737.jpg,bacterial_leaf_blight
203301.jpg,blast
201884.jpg,dead_heart
203318.jpg,hispa
200772.jpg,bacterial_panicle_blight
200150.jpg,dead_heart
201159.jpg,blast
202631.jpg,hispa
202684.jpg,normal
200489.jpg,normal
202359.jpg,hispa
201457.jpg,brown_spot
201345.jpg,blast
203404.jpg,blast
203117.jpg,downy_mildew
201194.jpg,normal
201978.jpg,dead_heart
203135.jpg,dead_heart
203221.jpg,blast
202271.jpg,blast
201901.jpg,blast
203361.jpg,hispa
202324.jpg,normal
202140.jpg,dead_heart
202563.jpg,hispa
202109.jpg,bacterial_leaf_blight
200339.jpg,dead_heart
201093.jpg,normal
202402.jpg,dead_heart
203391.jpg,normal
202178.jpg,brown_spot
202927.jpg,dead_heart
202013.jpg,hispa
200324.jpg,normal
200561.jpg,dead_heart
201832.jpg,dead_heart
200284.jpg,normal
203192.jpg,blast
200089.jpg,tungro
201895.jpg,normal
203124.jpg,tungro
200766.jpg,hispa
200990.jpg,blast
201431.jpg,normal
202090.jpg,brown_spot
200004.jpg,blast
201696.jpg,normal
202005.jpg,brown_spot
200550.jpg,tungro
201272.jpg,hispa
202742.jpg,dead_heart
200776.jpg,dead_heart
201359.jpg,hispa
201090.jpg,bacterial_leaf_blight
201651.jpg,bacterial_leaf_streak
201298.jpg,dead_heart
201434.jpg,hispa
200752.jpg,bacterial_leaf_blight
200405.jpg,brown_spot
202726.jpg,hispa
203074.jpg,tungro
201614.jpg,hispa
201558.jpg,normal
202831.jpg,normal
200085.jpg,downy_mildew
201990.jpg,brown_spot
203224.jpg,blast
202869.jpg,bacterial_panicle_blight
201921.jpg,tungro
200050.jpg,dead_heart
202186.jpg,normal
203008.jpg,downy_mildew
201744.jpg,brown_spot
200149.jpg,dead_heart
202646.jpg,tungro
202064.jpg,tungro
200045.jpg,bacterial_leaf_blight
200735.jpg,tungro
201350.jpg,tungro
203363.jpg,tungro
202177.jpg,brown_spot
202859.jpg,normal
200656.jpg,brown_spot
202720.jpg,hispa
200698.jpg,normal
200316.jpg,blast
200193.jpg,normal
200363.jpg,downy_mildew
201199.jpg,blast
201483.jpg,downy_mildew
201506.jpg,dead_heart
203437.jpg,hispa
202415.jpg,dead_heart
201936.jpg,tungro
202579.jpg,tungro
202320.jpg,normal
201234.jpg,hispa
202937.jpg,dead_heart
201590.jpg,downy_mildew
202899.jpg,blast
200854.jpg,dead_heart
201737.jpg,hispa
202650.jpg,brown_spot
202126.jpg,dead_heart
200502.jpg,normal
202702.jpg,downy_mildew
203048.jpg,downy_mildew
201412.jpg,bacterial_leaf_blight
200156.jpg,bacterial_leaf_streak
203136.jpg,hispa
202516.jpg,blast
202834.jpg,tungro
200274.jpg,tungro
201241.jpg,tungro
202555.jpg,blast
201879.jpg,hispa
202441.jpg,hispa
201446.jpg,hispa
201055.jpg,hispa
201856.jpg,dead_heart
200830.jpg,blast
202473.jpg,normal
202693.jpg,dead_heart
202233.jpg,bacterial_leaf_blight
200668.jpg,normal
200935.jpg,blast
200471.jpg,bacterial_leaf_blight
201162.jpg,normal
200611.jpg,brown_spot
202724.jpg,dead_heart
200205.jpg,tungro
200427.jpg,brown_spot
202934.jpg,brown_spot
200338.jpg,brown_spot
200962.jpg,bacterial_leaf_streak
200968.jpg,blast
201644.jpg,hispa
203229.jpg,brown_spot
202541.jpg,blast
201014.jpg,tungro
202419.jpg,hispa
203201.jpg,hispa
203452.jpg,dead_heart
201470.jpg,blast
201070.jpg,hispa
200568.jpg,bacterial_panicle_blight
201079.jpg,bacterial_leaf_streak
202689.jpg,dead_heart
203335.jpg,bacterial_leaf_blight
202887.jpg,normal
200137.jpg,normal
202290.jpg,normal
201939.jpg,blast
203034.jpg,hispa
202052.jpg,brown_spot
200950.jpg,blast
202876.jpg,normal
200388.jpg,normal
201202.jpg,normal
200111.jpg,hispa
200510.jpg,tungro
202892.jpg,bacterial_leaf_blight
200678.jpg,hispa
200531.jpg,hispa
201285.jpg,hispa
202584.jpg,dead_heart
200802.jpg,blast
203169.jpg,normal
201228.jpg,blast
202890.jpg,normal
201733.jpg,hispa
201927.jpg,bacterial_leaf_streak
200604.jpg,normal
202241.jpg,dead_heart
202301.jpg,hispa
200414.jpg,dead_heart
203332.jpg,downy_mildew
202147.jpg,normal
201544.jpg,bacterial_panicle_blight
203285.jpg,bacterial_panicle_blight
201763.jpg,downy_mildew
200519.jpg,hispa
202915.jpg,dead_heart
201853.jpg,hispa
202982.jpg,tungro
201671.jpg,tungro
201301.jpg,hispa
201708.jpg,bacterial_panicle_blight
202595.jpg,hispa
201554.jpg,bacterial_leaf_streak
200041.jpg,tungro
200636.jpg,downy_mildew
200011.jpg,dead_heart
201946.jpg,bacterial_leaf_blight
202024.jpg,brown_spot
201101.jpg,dead_heart
200632.jpg,dead_heart
203047.jpg,normal
200212.jpg,tungro
201825.jpg,hispa
202410.jpg,tungro
200868.jpg,normal
200987.jpg,brown_spot
202974.jpg,blast
202153.jpg,dead_heart
201490.jpg,downy_mildew
201022.jpg,dead_heart
201489.jpg,tungro
201388.jpg,hispa
200912.jpg,dead_heart
202500.jpg,hispa
200545.jpg,dead_heart
201278.jpg,dead_heart
203268.jpg,downy_mildew
203039.jpg,normal
203165.jpg,blast
200559.jpg,hispa
200845.jpg,bacterial_leaf_blight
202091.jpg,normal
201137.jpg,brown_spot
200407.jpg,hispa
201731.jpg,blast
200549.jpg,dead_heart
201220.jpg,dead_heart
202862.jpg,blast
203174.jpg,dead_heart
202029.jpg,dead_heart
201911.jpg,blast
202681.jpg,normal
200514.jpg,blast
200422.jpg,hispa
200877.jpg,tungro
201587.jpg,brown_spot
200408.jpg,dead_heart
203457.jpg,brown_spot
202137.jpg,tungro
202732.jpg,normal
202960.jpg,hispa
202277.jpg,dead_heart
200418.jpg,hispa
202677.jpg,blast
201716.jpg,brown_spot
203256.jpg,tungro
203013.jpg,hispa
201689.jpg,hispa
203205.jpg,brown_spot
201661.jpg,blast
203030.jpg,dead_heart
200423.jpg,bacterial_panicle_blight
203321.jpg,bacterial_leaf_blight
202997.jpg,normal
200340.jpg,dead_heart
200993.jpg,tungro
202423.jpg,bacterial_leaf_streak
202494.jpg,normal
203238.jpg,normal
200614.jpg,downy_mildew
200066.jpg,tungro
202775.jpg,blast
203417.jpg,normal
200629.jpg,tungro
201625.jpg,dead_heart
201192.jpg,tungro
200263.jpg,brown_spot
200748.jpg,downy_mildew
201342.jpg,hispa
200043.jpg,bacterial_leaf_streak
201987.jpg,dead_heart
200749.jpg,blast
202077.jpg,hispa
200027.jpg,blast
202576.jpg,dead_heart
202092.jpg,blast
202288.jpg,brown_spot
202873.jpg,hispa
201780.jpg,hispa
200065.jpg,tungro
201163.jpg,hispa
201126.jpg,bacterial_panicle_blight
200151.jpg,hispa
202624.jpg,tungro
202638.jpg,dead_heart
200493.jpg,dead_heart
200376.jpg,brown_spot
200509.jpg,tungro
203186.jpg,blast
201859.jpg,normal
200564.jpg,hispa
201819.jpg,normal
203233.jpg,tungro
200640.jpg,dead_heart
200062.jpg,tungro
202672.jpg,normal
200272.jpg,bacterial_leaf_streak
202131.jpg,blast
200633.jpg,brown_spot
201632.jpg,hispa
203371.jpg,downy_mildew
202389.jpg,blast
200649.jpg,hispa
203259.jpg,tungro
200557.jpg,hispa
200527.jpg,bacterial_panicle_blight
202770.jpg,blast
203207.jpg,brown_spot
203446.jpg,tungro
201767.jpg,bacterial_panicle_blight
202635.jpg,dead_heart
201009.jpg,brown_spot
201118.jpg,blast
202467.jpg,brown_spot
201497.jpg,tungro
200060.jpg,hispa
200816.jpg,blast
201919.jpg,normal
201723.jpg,tungro
202438.jpg,hispa
202705.jpg,bacterial_panicle_blight
201044.jpg,normal
200645.jpg,tungro
201986.jpg,bacterial_leaf_streak
201023.jpg,tungro
201486.jpg,tungro
202430.jpg,brown_spot
202636.jpg,hispa
202235.jpg,blast
202557.jpg,downy_mildew
201086.jpg,dead_heart
200303.jpg,hispa
201565.jpg,hispa
200832.jpg,hispa
202099.jpg,hispa
201967.jpg,bacterial_leaf_streak
200426.jpg,bacterial_panicle_blight
201062.jpg,hispa
203118.jpg,blast
203281.jpg,dead_heart
203427.jpg,brown_spot
203413.jpg,hispa
202762.jpg,blast
201542.jpg,brown_spot
201276.jpg,dead_heart
200450.jpg,dead_heart
203164.jpg,dead_heart
200248.jpg,normal
202200.jpg,dead_heart
202580.jpg,normal
203035.jpg,bacterial_leaf_blight
201588.jpg,blast
203341.jpg,dead_heart
202160.jpg,normal
202303.jpg,bacterial_leaf_blight
200686.jpg,tungro
202891.jpg,tungro
202055.jpg,normal
200716.jpg,brown_spot
203050.jpg,hispa
202002.jpg,blast
201577.jpg,blast
202565.jpg,brown_spot
201131.jpg,brown_spot
202666.jpg,dead_heart
202497.jpg,downy_mildew
200660.jpg,dead_heart
202356.jpg,blast
201920.jpg,normal
201715.jpg,bacterial_leaf_blight
200010.jpg,normal
202042.jpg,hispa
202879.jpg,normal
202251.jpg,brown_spot
203339.jpg,hispa
200957.jpg,hispa
203161.jpg,blast
201950.jpg,bacterial_panicle_blight
201811.jpg,hispa
201636.jpg,normal
201098.jpg,downy_mildew
201649.jpg,hispa
200454.jpg,blast
201030.jpg,normal
203319.jpg,bacterial_leaf_streak
202970.jpg,normal
203210.jpg,downy_mildew
201110.jpg,hispa
200516.jpg,normal
201528.jpg,normal
203150.jpg,normal
200249.jpg,bacterial_panicle_blight
200998.jpg,hispa
203178.jpg,blast
202286.jpg,dead_heart
202062.jpg,blast
202977.jpg,normal
200870.jpg,normal
200331.jpg,normal
201889.jpg,hispa
201340.jpg,blast
203234.jpg,hispa
200374.jpg,blast
201573.jpg,normal
202509.jpg,tungro
201999.jpg,tungro
202743.jpg,normal
201016.jpg,dead_heart
202321.jpg,downy_mildew
202117.jpg,blast
200460.jpg,hispa
200132.jpg,hispa
203420.jpg,normal
203041.jpg,tungro
200994.jpg,hispa
202586.jpg,tungro
202256.jpg,tungro
200651.jpg,bacterial_leaf_blight
203439.jpg,brown_spot
203392.jpg,blast
200481.jpg,normal
201224.jpg,tungro
203213.jpg,hispa
202424.jpg,normal
200773.jpg,bacterial_leaf_streak
201907.jpg,bacterial_leaf_streak
201722.jpg,blast
200829.jpg,blast
201909.jpg,normal
203193.jpg,hispa
202993.jpg,hispa
201100.jpg,tungro
200434.jpg,bacterial_leaf_blight
201898.jpg,normal
202401.jpg,blast
202561.jpg,normal
202910.jpg,bacterial_leaf_streak
201459.jpg,blast
201339.jpg,tungro
202119.jpg,blast
200675.jpg,hispa
201505.jpg,dead_heart
200582.jpg,normal
201597.jpg,hispa
200995.jpg,brown_spot
201435.jpg,dead_heart
201232.jpg,tungro
200120.jpg,normal
202476.jpg,dead_heart
200723.jpg,hispa
202828.jpg,normal
200375.jpg,blast
201464.jpg,dead_heart
201270.jpg,bacterial_leaf_blight
201430.jpg,brown_spot
201182.jpg,tungro
201775.jpg,bacterial_leaf_streak
201650.jpg,hispa
203033.jpg,normal
200067.jpg,brown_spot
203402.jpg,blast
200072.jpg,dead_heart
201185.jpg,normal
202764.jpg,blast
203019.jpg,hispa
202604.jpg,blast
202796.jpg,downy_mildew
200607.jpg,normal
202535.jpg,bacterial_leaf_blight
203400.jpg,tungro
202953.jpg,bacterial_panicle_blight
201458.jpg,normal
201369.jpg,downy_mildew
202103.jpg,normal
200997.jpg,dead_heart
202353.jpg,hispa
200347.jpg,brown_spot
202658.jpg,bacterial_leaf_blight
201242.jpg,normal
201831.jpg,bacterial_panicle_blight
200727.jpg,tungro
200878.jpg,dead_heart
202652.jpg,dead_heart
201193.jpg,blast
202877.jpg,bacterial_leaf_blight
201872.jpg,normal
202499.jpg,blast
200124.jpg,blast
202212.jpg,dead_heart
200623.jpg,blast
202959.jpg,hispa
200897.jpg,normal
203099.jpg,bacterial_panicle_blight
200536.jpg,blast
200646.jpg,tungro
202696.jpg,hispa
200047.jpg,blast
202015.jpg,normal
201428.jpg,normal
200938.jpg,blast
203311.jpg,dead_heart
202946.jpg,brown_spot
201788.jpg,blast
200684.jpg,normal
202971.jpg,dead_heart
202275.jpg,bacterial_leaf_blight
202559.jpg,blast
201294.jpg,normal
202082.jpg,dead_heart
201888.jpg,hispa
202045.jpg,blast
201389.jpg,blast
201415.jpg,hispa
200848.jpg,normal
201882.jpg,blast
200919.jpg,dead_heart
201578.jpg,hispa
201466.jpg,tungro
200934.jpg,blast
201545.jpg,hispa
202072.jpg,brown_spot
201954.jpg,brown_spot
202640.jpg,bacterial_leaf_blight
200798.jpg,blast
200570.jpg,bacterial_leaf_blight
200734.jpg,normal
201527.jpg,tungro
200657.jpg,blast
200977.jpg,normal
201381.jpg,tungro
203382.jpg,bacterial_leaf_streak
202387.jpg,normal
203167.jpg,normal
201839.jpg,brown_spot
202265.jpg,downy_mildew
202071.jpg,bacterial_leaf_streak
203265.jpg,dead_heart
201368.jpg,downy_mildew
202252.jpg,hispa
201096.jpg,dead_heart
203246.jpg,normal
203014.jpg,downy_mildew
202496.jpg,blast
200352.jpg,blast
200790.jpg,normal
202626.jpg,brown_spot
200223.jpg,dead_heart
200380.jpg,normal
202466.jpg,blast
201805.jpg,blast
201264.jpg,blast
203123.jpg,hispa
201622.jpg,hispa
200252.jpg,brown_spot
202268.jpg,blast
200786.jpg,bacterial_leaf_blight
200940.jpg,hispa
203255.jpg,blast
201524.jpg,brown_spot
201729.jpg,tungro
202802.jpg,hispa
202766.jpg,blast
203079.jpg,hispa
202502.jpg,brown_spot
200535.jpg,hispa
201456.jpg,brown_spot
202529.jpg,dead_heart
201555.jpg,blast
202031.jpg,tungro
200480.jpg,dead_heart
203441.jpg,bacterial_leaf_streak
203062.jpg,dead_heart
202114.jpg,downy_mildew
202299.jpg,brown_spot
202605.jpg,bacterial_leaf_streak
201601.jpg,bacterial_leaf_blight
201961.jpg,hispa
202761.jpg,blast
201295.jpg,dead_heart
203464.jpg,dead_heart
201534.jpg,bacterial_leaf_streak
200687.jpg,dead_heart
200297.jpg,blast
202347.jpg,hispa
201422.jpg,tungro
201091.jpg,normal
202314.jpg,normal
201327.jpg,dead_heart
200916.jpg,brown_spot
202748.jpg,normal
200330.jpg,blast
202577.jpg,normal
201637.jpg,tungro
201675.jpg,downy_mildew
200596.jpg,tungro
203370.jpg,tungro
201606.jpg,tungro
201724.jpg,blast
202922.jpg,tungro
203003.jpg,tungro
200353.jpg,blast
202135.jpg,tungro
201623.jpg,bacterial_leaf_streak
202613.jpg,dead_heart
200515.jpg,dead_heart
200907.jpg,normal
201866.jpg,normal
200717.jpg,bacterial_leaf_streak
202255.jpg,dead_heart
201865.jpg,blast
202848.jpg,brown_spot
202102.jpg,brown_spot
200769.jpg,normal
201507.jpg,blast
200354.jpg,downy_mildew
203138.jpg,hispa
201914.jpg,normal
202247.jpg,normal
202404.jpg,bacterial_leaf_streak
203426.jpg,normal
200821.jpg,normal
201844.jpg,tungro
200053.jpg,bacterial_leaf_blight
200560.jpg,normal
200432.jpg,bacterial_panicle_blight
202197.jpg,hispa
201008.jpg,dead_heart
202487.jpg,hispa
201212.jpg,normal
200963.jpg,blast
200052.jpg,tungro
202381.jpg,downy_mildew
203348.jpg,dead_heart
202269.jpg,normal
203212.jpg,downy_mildew
202920.jpg,normal
202882.jpg,dead_heart
202329.jpg,normal
202811.jpg,blast
201546.jpg,brown_spot
202508.jpg,downy_mildew
202143.jpg,bacterial_leaf_streak
200810.jpg,blast
200127.jpg,blast
202363.jpg,dead_heart
202292.jpg,blast
201804.jpg,bacterial_leaf_blight
203296.jpg,dead_heart
202281.jpg,normal
202120.jpg,blast
203202.jpg,bacterial_panicle_blight
202710.jpg,downy_mildew
203056.jpg,hispa
201897.jpg,normal
200064.jpg,tungro
201591.jpg,bacterial_leaf_blight
201851.jpg,normal
200812.jpg,normal
200218.jpg,blast
202981.jpg,dead_heart
203220.jpg,normal
200463.jpg,blast
202916.jpg,brown_spot
200920.jpg,downy_mildew
200593.jpg,tungro
202551.jpg,hispa
202556.jpg,hispa
201108.jpg,blast
201015.jpg,normal
201714.jpg,brown_spot
201160.jpg,hispa
202368.jpg,blast
202730.jpg,hispa
201176.jpg,normal
200142.jpg,bacterial_leaf_blight
202105.jpg,brown_spot
202448.jpg,tungro
200334.jpg,brown_spot
200548.jpg,downy_mildew
202293.jpg,hispa
202779.jpg,dead_heart
201535.jpg,blast
200980.jpg,blast
200588.jpg,blast
203396.jpg,bacterial_leaf_blight
203222.jpg,hispa
201452.jpg,brown_spot
200364.jpg,dead_heart
203344.jpg,blast
200567.jpg,hispa
200770.jpg,bacterial_leaf_streak
201988.jpg,hispa
200279.jpg,bacterial_leaf_streak
202629.jpg,normal
200869.jpg,hispa
200456.jpg,normal
202139.jpg,bacterial_leaf_blight
200092.jpg,hispa
201855.jpg,normal
203130.jpg,blast
202335.jpg,normal
202156.jpg,blast
200991.jpg,blast
202136.jpg,dead_heart
203389.jpg,hispa
202596.jpg,bacterial_leaf_blight
202258.jpg,normal
200309.jpg,hispa
203305.jpg,normal
200923.jpg,normal
201087.jpg,dead_heart
